Date,Delivered,Sales,code_dept
01-2014,12478.0,5976.0,01
02-2014,11013.0,5526.0,01
03-2014,11988.0,6764.0,01
04-2014,11952.0,6396.0,01
05-2014,11690.0,6160.0,01
06-2014,10854.0,5847.0,01
07-2014,14095.0,7191.0,01
08-2014,14803.0,7647.0,01
09-2014,13783.0,6968.0,01
10-2014,12690.0,6237.0,01
11-2014,11027.0,5367.0,01
12-2014,11966.0,6079.0,01
01-2015,13961.0,6732.0,01
02-2015,10883.0,5609.0,01
03-2015,11854.0,5714.0,01
04-2015,11205.0,5573.0,01
05-2015,10620.0,5379.0,01
06-2015,10715.0,5705.0,01
07-2015,13161.0,6581.0,01
08-2015,13685.0,6733.0,01
09-2015,12647.0,5920.0,01
10-2015,13232.0,5741.0,01
11-2015,12938.0,5605.0,01
12-2015,11909.0,5581.0,01
01-2016,10579.0,4515.0,01
02-2016,10908.0,4909.0,01
03-2016,10968.0,5098.0,01
04-2016,10347.0,4825.0,01
05-2016,9705.0,4731.0,01
06-2016,10326.0,5097.0,01
07-2016,10861.0,5508.0,01
08-2016,10861.0,6000.0,01
09-2016,10486.0,4939.0,01
10-2016,10960.0,5057.0,01
11-2016,11354.0,5138.0,01
12-2016,10966.0,5120.0,01
01-2014,6249.0,2864.0,02
02-2014,5840.0,2575.0,02
03-2014,6253.0,3169.0,02
04-2014,6090.0,2929.0,02
05-2014,6098.0,2843.0,02
06-2014,5558.0,2748.0,02
07-2014,6205.0,2906.0,02
08-2014,5701.0,2878.0,02
09-2014,6617.0,2930.0,02
10-2014,6181.0,2960.0,02
11-2014,5583.0,2629.0,02
12-2014,5339.0,2640.0,02
01-2015,6152.0,3174.0,02
02-2015,5174.0,2578.0,02
03-2015,5267.0,2545.0,02
04-2015,5738.0,2822.0,02
05-2015,5561.0,2667.0,02
06-2015,5850.0,2855.0,02
07-2015,5652.0,2840.0,02
08-2015,5348.0,2628.0,02
09-2015,5715.0,2729.0,02
10-2015,7867.0,3020.0,02
11-2015,7672.0,2990.0,02
12-2015,6068.0,2866.0,02
01-2016,5768.0,2603.0,02
02-2016,6032.0,2399.0,02
03-2016,6005.0,2482.0,02
04-2016,4991.0,2335.0,02
05-2016,4744.0,2159.0,02
06-2016,4957.0,2411.0,02
07-2016,4654.0,2166.0,02
08-2016,4265.0,2220.0,02
09-2016,4955.0,2260.0,02
10-2016,5658.0,2294.0,02
11-2016,5896.0,2602.0,02
12-2016,5268.0,2450.0,02
01-2014,9083.0,4249.0,03
02-2014,8384.0,3888.0,03
03-2014,9226.0,4835.0,03
04-2014,9306.0,4895.0,03
05-2014,9042.0,4777.0,03
06-2014,8426.0,4371.0,03
07-2014,11437.0,5902.0,03
08-2014,10915.0,6052.0,03
09-2014,10212.0,5141.0,03
10-2014,9572.0,4741.0,03
11-2014,8206.0,4143.0,03
12-2014,8991.0,4221.0,03
01-2015,9705.0,4680.0,03
02-2015,7682.0,3886.0,03
03-2015,8395.0,3988.0,03
04-2015,8527.0,4049.0,03
05-2015,8149.0,4132.0,03
06-2015,8540.0,4270.0,03
07-2015,10134.0,5072.0,03
08-2015,10022.0,5218.0,03
09-2015,9270.0,4235.0,03
10-2015,9713.0,4370.0,03
11-2015,9393.0,4026.0,03
12-2015,8216.0,3873.0,03
01-2016,7572.0,3382.0,03
02-2016,7717.0,3404.0,03
03-2016,7845.0,3583.0,03
04-2016,7842.0,3632.0,03
05-2016,7972.0,3715.0,03
06-2016,8190.0,3743.0,03
07-2016,9081.0,4419.0,03
08-2016,9102.0,4946.0,03
09-2016,8936.0,3815.0,03
10-2016,8709.0,3883.0,03
11-2016,9387.0,3980.0,03
12-2016,8593.0,3770.0,03
01-2014,5148.0,2612.0,04
02-2014,5205.0,2731.0,04
03-2014,6610.0,3550.0,04
04-2014,6330.0,3187.0,04
05-2014,6418.0,3374.0,04
06-2014,6181.0,3424.0,04
07-2014,8843.0,5402.0,04
08-2014,10062.0,6315.0,04
09-2014,7501.0,4017.0,04
10-2014,6218.0,3249.0,04
11-2014,5086.0,2404.0,04
12-2014,5075.0,2468.0,04
01-2015,5287.0,2601.0,04
02-2015,4966.0,2736.0,04
03-2015,5878.0,2696.0,04
04-2015,5561.0,2721.0,04
05-2015,5300.0,2590.0,04
06-2015,6115.0,3066.0,04
07-2015,8294.0,4824.0,04
08-2015,9296.0,5362.0,04
09-2015,7188.0,3261.0,04
10-2015,6193.0,2936.0,04
11-2015,5614.0,2289.0,04
12-2015,5028.0,2196.0,04
01-2016,4606.0,1952.0,04
02-2016,5236.0,2091.0,04
03-2016,5423.0,2173.0,04
04-2016,5047.0,2260.0,04
05-2016,5046.0,2361.0,04
06-2016,5457.0,2696.0,04
07-2016,6836.0,3790.0,04
08-2016,7142.0,4639.0,04
09-2016,5772.0,2971.0,04
10-2016,5851.0,2663.0,04
11-2016,6440.0,2274.0,04
12-2016,5608.0,2167.0,04
01-2014,7405.0,3792.0,05
02-2014,9505.0,5007.0,05
03-2014,10794.0,6107.0,05
04-2014,6844.0,3262.0,05
05-2014,5220.0,2243.0,05
06-2014,5062.0,2521.0,05
07-2014,12454.0,7528.0,05
08-2014,15093.0,9742.0,05
09-2014,6716.0,3161.0,05
10-2014,5689.0,2686.0,05
11-2014,4396.0,1949.0,05
12-2014,6781.0,3433.0,05
01-2015,7734.0,3818.0,05
02-2015,9656.0,5611.0,05
03-2015,8895.0,4194.0,05
04-2015,6027.0,2564.0,05
05-2015,4446.0,1871.0,05
06-2015,5407.0,2480.0,05
07-2015,11505.0,6597.0,05
08-2015,13290.0,8213.0,05
09-2015,5967.0,2649.0,05
10-2015,5249.0,2481.0,05
11-2015,4650.0,1822.0,05
12-2015,6136.0,2975.0,05
01-2016,5799.0,2636.0,05
02-2016,8699.0,4352.0,05
03-2016,8344.0,3974.0,05
04-2016,6261.0,2399.0,05
05-2016,4836.0,1871.0,05
06-2016,4388.0,2251.0,05
07-2016,9736.0,5623.0,05
08-2016,11604.0,7504.0,05
09-2016,5113.0,2384.0,05
10-2016,4676.0,2053.0,05
11-2016,4360.0,1766.0,05
12-2016,5933.0,2760.0,05
01-2014,61543.0,39870.0,06
02-2014,58391.0,37349.0,06
03-2014,69792.0,45450.0,06
04-2014,69746.0,43964.0,06
05-2014,73401.0,43111.0,06
06-2014,69815.0,44503.0,06
07-2014,88319.0,59871.0,06
08-2014,85151.0,59454.0,06
09-2014,83388.0,53723.0,06
10-2014,68419.0,40646.0,06
11-2014,58111.0,33654.0,06
12-2014,59214.0,34818.0,06
01-2015,64641.0,39423.0,06
02-2015,56991.0,37023.0,06
03-2015,61104.0,36639.0,06
04-2015,61517.0,37792.0,06
05-2015,62867.0,37680.0,06
06-2015,68941.0,42910.0,06
07-2015,80538.0,50883.0,06
08-2015,76234.0,50142.0,06
09-2015,71501.0,43902.0,06
10-2015,64843.0,36308.0,06
11-2015,61355.0,31288.0,06
12-2015,59281.0,31816.0,06
01-2016,54112.0,31380.0,06
02-2016,57228.0,32645.0,06
03-2016,57738.0,32405.0,06
04-2016,56798.0,31895.0,06
05-2016,55203.0,33309.0,06
06-2016,57052.0,36801.0,06
07-2016,68892.0,44096.0,06
08-2016,69667.0,46634.0,06
09-2016,63194.0,38840.0,06
10-2016,61970.0,32703.0,06
11-2016,62690.0,30827.0,06
12-2016,55553.0,29430.0,06
01-2014,5632.0,2672.0,07
02-2014,4750.0,2348.0,07
03-2014,5633.0,3052.0,07
04-2014,6189.0,3175.0,07
05-2014,6307.0,3164.0,07
06-2014,5993.0,3068.0,07
07-2014,9348.0,5112.0,07
08-2014,9965.0,5944.0,07
09-2014,7527.0,3732.0,07
10-2014,6058.0,3099.0,07
11-2014,5635.0,2596.0,07
12-2014,5757.0,2694.0,07
01-2015,5689.0,2836.0,07
02-2015,4468.0,2491.0,07
03-2015,5087.0,2552.0,07
04-2015,5570.0,2841.0,07
05-2015,5616.0,2916.0,07
06-2015,6601.0,3394.0,07
07-2015,8891.0,4854.0,07
08-2015,9845.0,5230.0,07
09-2015,7353.0,3331.0,07
10-2015,7021.0,3159.0,07
11-2015,6754.0,2651.0,07
12-2015,5066.0,2561.0,07
01-2016,4431.0,2323.0,07
02-2016,4511.0,2236.0,07
03-2016,4547.0,2335.0,07
04-2016,5500.0,2554.0,07
05-2016,5528.0,2517.0,07
06-2016,6042.0,2917.0,07
07-2016,7224.0,3955.0,07
08-2016,7553.0,4328.0,07
09-2016,6751.0,2832.0,07
10-2016,6691.0,2621.0,07
11-2016,6658.0,2432.0,07
12-2016,5726.0,2387.0,07
01-2014,2443.0,1007.0,08
02-2014,2140.0,880.0,08
03-2014,2664.0,1190.0,08
04-2014,2602.0,1059.0,08
05-2014,2825.0,1040.0,08
06-2014,2429.0,938.0,08
07-2014,2447.0,922.0,08
08-2014,2382.0,1000.0,08
09-2014,2777.0,1003.0,08
10-2014,2615.0,1000.0,08
11-2014,2392.0,927.0,08
12-2014,2014.0,968.0,08
01-2015,2421.0,1111.0,08
02-2015,2047.0,892.0,08
03-2015,2010.0,834.0,08
04-2015,2074.0,891.0,08
05-2015,1739.0,774.0,08
06-2015,1793.0,800.0,08
07-2015,1754.0,771.0,08
08-2015,1476.0,720.0,08
09-2015,1548.0,644.0,08
10-2015,2439.0,827.0,08
11-2015,2529.0,972.0,08
12-2015,2000.0,801.0,08
01-2016,1832.0,696.0,08
02-2016,1860.0,735.0,08
03-2016,1828.0,754.0,08
04-2016,1706.0,697.0,08
05-2016,1793.0,690.0,08
06-2016,1911.0,740.0,08
07-2016,1766.0,700.0,08
08-2016,1681.0,748.0,08
09-2016,2055.0,698.0,08
10-2016,2273.0,789.0,08
11-2016,2433.0,790.0,08
12-2016,2060.0,829.0,08
01-2014,3785.0,1875.0,09
02-2014,3764.0,1634.0,09
03-2014,4416.0,2190.0,09
04-2014,4353.0,1940.0,09
05-2014,4170.0,1829.0,09
06-2014,3634.0,1676.0,09
07-2014,5242.0,2636.0,09
08-2014,6225.0,3304.0,09
09-2014,4977.0,2269.0,09
10-2014,4004.0,1786.0,09
11-2014,3353.0,1514.0,09
12-2014,3647.0,1787.0,09
01-2015,3941.0,1890.0,09
02-2015,3547.0,1780.0,09
03-2015,3986.0,1584.0,09
04-2015,3686.0,1589.0,09
05-2015,3438.0,1604.0,09
06-2015,3527.0,1554.0,09
07-2015,3999.0,2050.0,09
08-2015,4863.0,2569.0,09
09-2015,3368.0,1727.0,09
10-2015,3695.0,1650.0,09
11-2015,3922.0,1494.0,09
12-2015,3618.0,1498.0,09
01-2016,3430.0,1371.0,09
02-2016,3536.0,1521.0,09
03-2016,3466.0,1394.0,09
04-2016,3105.0,1401.0,09
05-2016,3194.0,1314.0,09
06-2016,3290.0,1463.0,09
07-2016,4142.0,1955.0,09
08-2016,4766.0,2509.0,09
09-2016,3844.0,1726.0,09
10-2016,3540.0,1508.0,09
11-2016,3807.0,1405.0,09
12-2016,3768.0,1453.0,09
01-2014,5396.0,2390.0,10
02-2014,5001.0,2205.0,10
03-2014,5408.0,2700.0,10
04-2014,5241.0,2600.0,10
05-2014,5299.0,2502.0,10
06-2014,5011.0,2301.0,10
07-2014,5356.0,2741.0,10
08-2014,5024.0,2767.0,10
09-2014,5285.0,2651.0,10
10-2014,5081.0,2626.0,10
11-2014,4762.0,2258.0,10
12-2014,4595.0,2255.0,10
01-2015,5371.0,2678.0,10
02-2015,4394.0,2226.0,10
03-2015,4987.0,2259.0,10
04-2015,5011.0,2256.0,10
05-2015,4499.0,2093.0,10
06-2015,4736.0,2238.0,10
07-2015,4589.0,2443.0,10
08-2015,4312.0,2241.0,10
09-2015,4582.0,2151.0,10
10-2015,4266.0,2138.0,10
11-2015,5188.0,2040.0,10
12-2015,4627.0,2195.0,10
01-2016,4234.0,1871.0,10
02-2016,4270.0,1893.0,10
03-2016,4179.0,2036.0,10
04-2016,4029.0,2025.0,10
05-2016,4166.0,1939.0,10
06-2016,4824.0,2011.0,10
07-2016,4390.0,2031.0,10
08-2016,4283.0,2234.0,10
09-2016,4712.0,2059.0,10
10-2016,4955.0,2033.0,10
11-2016,4948.0,2071.0,10
12-2016,4601.0,2009.0,10
01-2014,7014.0,3189.0,11
02-2014,6088.0,2860.0,11
03-2014,6716.0,3676.0,11
04-2014,7781.0,4026.0,11
05-2014,7516.0,3833.0,11
06-2014,7285.0,3952.0,11
07-2014,12366.0,6385.0,11
08-2014,12369.0,7151.0,11
09-2014,10517.0,5174.0,11
10-2014,7852.0,3863.0,11
11-2014,6896.0,3166.0,11
12-2014,6690.0,3303.0,11
01-2015,7288.0,3631.0,11
02-2015,5748.0,3153.0,11
03-2015,6300.0,3135.0,11
04-2015,6908.0,3484.0,11
05-2015,7087.0,3560.0,11
06-2015,7836.0,3965.0,11
07-2015,11421.0,5678.0,11
08-2015,11934.0,5828.0,11
09-2015,9341.0,4459.0,11
10-2015,7630.0,3530.0,11
11-2015,7713.0,3173.0,11
12-2015,6877.0,3195.0,11
01-2016,6379.0,2811.0,11
02-2016,6739.0,2905.0,11
03-2016,6643.0,2887.0,11
04-2016,7152.0,2967.0,11
05-2016,7249.0,3046.0,11
06-2016,8126.0,3591.0,11
07-2016,10435.0,4947.0,11
08-2016,11015.0,5384.0,11
09-2016,9403.0,3698.0,11
10-2016,8274.0,3050.0,11
11-2016,8058.0,3002.0,11
12-2016,7324.0,2971.0,11
01-2014,6860.0,3213.0,12
02-2014,6227.0,2953.0,12
03-2014,6662.0,3751.0,12
04-2014,7381.0,4152.0,12
05-2014,7435.0,4111.0,12
06-2014,7643.0,4074.0,12
07-2014,11545.0,6285.0,12
08-2014,12966.0,8099.0,12
09-2014,9530.0,5219.0,12
10-2014,8437.0,4303.0,12
11-2014,6440.0,3187.0,12
12-2014,6438.0,3106.0,12
01-2015,6848.0,3251.0,12
02-2015,5552.0,2943.0,12
03-2015,6171.0,2821.0,12
04-2015,6652.0,3351.0,12
05-2015,6935.0,3528.0,12
06-2015,7725.0,3719.0,12
07-2015,10640.0,5722.0,12
08-2015,12958.0,7073.0,12
09-2015,9194.0,4491.0,12
10-2015,8260.0,3852.0,12
11-2015,7964.0,3059.0,12
12-2015,6594.0,2926.0,12
01-2016,6075.0,2524.0,12
02-2016,6172.0,2396.0,12
03-2016,6324.0,2525.0,12
04-2016,6178.0,2865.0,12
05-2016,6206.0,2970.0,12
06-2016,6833.0,3359.0,12
07-2016,8967.0,4829.0,12
08-2016,10951.0,6390.0,12
09-2016,8561.0,3683.0,12
10-2016,8155.0,3411.0,12
11-2016,7719.0,3001.0,12
12-2016,6818.0,2521.0,12
01-2014,62240.0,37350.0,13
02-2014,55988.0,33408.0,13
03-2014,64750.0,42154.0,13
04-2014,64403.0,40007.0,13
05-2014,64825.0,38223.0,13
06-2014,59158.0,36291.0,13
07-2014,69527.0,43431.0,13
08-2014,63099.0,40159.0,13
09-2014,67009.0,41419.0,13
10-2014,62475.0,37038.0,13
11-2014,58327.0,34475.0,13
12-2014,60165.0,35948.0,13
01-2015,64674.0,39311.0,13
02-2015,53821.0,33870.0,13
03-2015,58826.0,35092.0,13
04-2015,58654.0,35094.0,13
05-2015,54018.0,32888.0,13
06-2015,59578.0,35593.0,13
07-2015,63892.0,37979.0,13
08-2015,58388.0,34060.0,13
09-2015,58636.0,34704.0,13
10-2015,60797.0,34053.0,13
11-2015,63138.0,32407.0,13
12-2015,60097.0,32747.0,13
01-2016,56346.0,29928.0,13
02-2016,56806.0,29500.0,13
03-2016,57933.0,30623.0,13
04-2016,55437.0,29265.0,13
05-2016,51500.0,29581.0,13
06-2016,55074.0,31665.0,13
07-2016,60365.0,32828.0,13
08-2016,55724.0,31938.0,13
09-2016,59119.0,30608.0,13
10-2016,58530.0,29745.0,13
11-2016,63728.0,31797.0,13
12-2016,56975.0,30007.0,13
01-2014,23022.0,11528.0,14
02-2014,22847.0,11853.0,14
03-2014,24027.0,14055.0,14
04-2014,32343.0,18389.0,14
05-2014,29046.0,15616.0,14
06-2014,27934.0,14569.0,14
07-2014,47678.0,28927.0,14
08-2014,51444.0,33595.0,14
09-2014,31856.0,17014.0,14
10-2014,29193.0,15612.0,14
11-2014,22003.0,11517.0,14
12-2014,23302.0,12115.0,14
01-2015,22726.0,11988.0,14
02-2015,21904.0,11680.0,14
03-2015,18234.0,10207.0,14
04-2015,28662.0,15711.0,14
05-2015,26644.0,14113.0,14
06-2015,22963.0,13151.0,14
07-2015,44499.0,26514.0,14
08-2015,46024.0,28847.0,14
09-2015,29443.0,14105.0,14
10-2015,30597.0,14370.0,14
11-2015,26230.0,11176.0,14
12-2015,22903.0,12094.0,14
01-2016,21439.0,9264.0,14
02-2016,22456.0,9920.0,14
03-2016,22399.0,11080.0,14
04-2016,25104.0,12777.0,14
05-2016,23317.0,11594.0,14
06-2016,23077.0,11390.0,14
07-2016,38917.0,22713.0,14
08-2016,45592.0,28295.0,14
09-2016,26002.0,12769.0,14
10-2016,25387.0,12684.0,14
11-2016,25081.0,10557.0,14
12-2016,22441.0,11358.0,14
01-2014,2808.0,1265.0,15
02-2014,2638.0,1277.0,15
03-2014,3386.0,1606.0,15
04-2014,3530.0,1625.0,15
05-2014,3540.0,1701.0,15
06-2014,3350.0,1677.0,15
07-2014,6427.0,3657.0,15
08-2014,7433.0,4699.0,15
09-2014,5461.0,2323.0,15
10-2014,3862.0,1833.0,15
11-2014,3597.0,1439.0,15
12-2014,3639.0,1449.0,15
01-2015,3442.0,1465.0,15
02-2015,2718.0,1373.0,15
03-2015,2817.0,1251.0,15
04-2015,3336.0,1527.0,15
05-2015,3706.0,1475.0,15
06-2015,3895.0,1687.0,15
07-2015,6405.0,3426.0,15
08-2015,7488.0,4343.0,15
09-2015,4796.0,2162.0,15
10-2015,4310.0,1902.0,15
11-2015,4116.0,1599.0,15
12-2015,3431.0,1405.0,15
01-2016,3143.0,1223.0,15
02-2016,3210.0,1373.0,15
03-2016,3399.0,1430.0,15
04-2016,3227.0,1508.0,15
05-2016,3249.0,1517.0,15
06-2016,3403.0,1689.0,15
07-2016,5148.0,2946.0,15
08-2016,6960.0,4063.0,15
09-2016,4423.0,1974.0,15
10-2016,3965.0,1817.0,15
11-2016,4340.0,1592.0,15
12-2016,3720.0,1385.0,15
01-2014,6417.0,3549.0,16
02-2014,6192.0,3227.0,16
03-2014,7088.0,4013.0,16
04-2014,7520.0,4022.0,16
05-2014,7147.0,3700.0,16
06-2014,6338.0,3486.0,16
07-2014,8659.0,4553.0,16
08-2014,7978.0,4852.0,16
09-2014,7721.0,4013.0,16
10-2014,7512.0,3834.0,16
11-2014,6210.0,3335.0,16
12-2014,6470.0,3418.0,16
01-2015,7167.0,3877.0,16
02-2015,5972.0,3194.0,16
03-2015,6749.0,3384.0,16
04-2015,7076.0,3410.0,16
05-2015,6383.0,3130.0,16
06-2015,6433.0,3230.0,16
07-2015,7385.0,3911.0,16
08-2015,7756.0,3952.0,16
09-2015,6735.0,3439.0,16
10-2015,7583.0,3460.0,16
11-2015,7250.0,3131.0,16
12-2015,6327.0,3156.0,16
01-2016,6131.0,2935.0,16
02-2016,6405.0,2986.0,16
03-2016,6580.0,3053.0,16
04-2016,6116.0,2932.0,16
05-2016,6333.0,2987.0,16
06-2016,6621.0,3101.0,16
07-2016,7604.0,3507.0,16
08-2016,7627.0,3800.0,16
09-2016,7678.0,3195.0,16
10-2016,7506.0,3069.0,16
11-2016,8003.0,3147.0,16
12-2016,7457.0,3111.0,16
01-2014,18072.0,10480.0,17
02-2014,17261.0,10011.0,17
03-2014,22403.0,13221.0,17
04-2014,33595.0,18991.0,17
05-2014,30186.0,16335.0,17
06-2014,28082.0,16688.0,17
07-2014,58554.0,35237.0,17
08-2014,58171.0,41246.0,17
09-2014,38921.0,22260.0,17
10-2014,30086.0,14879.0,17
11-2014,19162.0,10524.0,17
12-2014,19814.0,10705.0,17
01-2015,18501.0,10585.0,17
02-2015,17101.0,9715.0,17
03-2015,18233.0,10574.0,17
04-2015,30941.0,15817.0,17
05-2015,28368.0,14674.0,17
06-2015,28378.0,16141.0,17
07-2015,52847.0,31960.0,17
08-2015,56881.0,34611.0,17
09-2015,36179.0,17756.0,17
10-2015,29999.0,13764.0,17
11-2015,25120.0,9429.0,17
12-2015,20113.0,9830.0,17
01-2016,18924.0,8499.0,17
02-2016,20031.0,8985.0,17
03-2016,21991.0,10387.0,17
04-2016,25431.0,13283.0,17
05-2016,25303.0,11995.0,17
06-2016,26868.0,14117.0,17
07-2016,50353.0,27974.0,17
08-2016,54400.0,32224.0,17
09-2016,35376.0,16190.0,17
10-2016,27756.0,12263.0,17
11-2016,25941.0,10315.0,17
12-2016,21982.0,9571.0,17
01-2014,7458.0,2953.0,18
02-2014,7364.0,2733.0,18
03-2014,7243.0,3493.0,18
04-2014,7909.0,3605.0,18
05-2014,7748.0,3356.0,18
06-2014,6944.0,2984.0,18
07-2014,8018.0,4008.0,18
08-2014,7994.0,4308.0,18
09-2014,6706.0,3414.0,18
10-2014,6977.0,3289.0,18
11-2014,6382.0,2892.0,18
12-2014,6296.0,2843.0,18
01-2015,6483.0,3155.0,18
02-2015,5389.0,2636.0,18
03-2015,4965.0,2575.0,18
04-2015,6503.0,2851.0,18
05-2015,5910.0,2762.0,18
06-2015,5735.0,2670.0,18
07-2015,7584.0,3339.0,18
08-2015,7275.0,3192.0,18
09-2015,6352.0,2699.0,18
10-2015,6781.0,2888.0,18
11-2015,6846.0,2674.0,18
12-2015,6100.0,2739.0,18
01-2016,5493.0,2332.0,18
02-2016,5368.0,2311.0,18
03-2016,5545.0,2447.0,18
04-2016,5339.0,2553.0,18
05-2016,5237.0,2410.0,18
06-2016,5424.0,2618.0,18
07-2016,6242.0,3182.0,18
08-2016,6080.0,3279.0,18
09-2016,6253.0,2716.0,18
10-2016,6088.0,2690.0,18
11-2016,6580.0,2733.0,18
12-2016,5858.0,2519.0,18
01-2014,5254.0,2655.0,19
02-2014,4834.0,2540.0,19
03-2014,5810.0,3310.0,19
04-2014,6507.0,3522.0,19
05-2014,6383.0,3330.0,19
06-2014,6033.0,3222.0,19
07-2014,8762.0,4722.0,19
08-2014,8832.0,5570.0,19
09-2014,6992.0,3718.0,19
10-2014,6687.0,3385.0,19
11-2014,5814.0,2815.0,19
12-2014,5745.0,2731.0,19
01-2015,6332.0,3048.0,19
02-2015,5104.0,2562.0,19
03-2015,5750.0,2541.0,19
04-2015,6140.0,2998.0,19
05-2015,6000.0,2731.0,19
06-2015,6182.0,2821.0,19
07-2015,8013.0,4093.0,19
08-2015,8994.0,4664.0,19
09-2015,6729.0,3087.0,19
10-2015,6462.0,2960.0,19
11-2015,6529.0,2685.0,19
12-2015,5687.0,2496.0,19
01-2016,5249.0,2127.0,19
02-2016,5374.0,2065.0,19
03-2016,5317.0,2212.0,19
04-2016,5509.0,2382.0,19
05-2016,5558.0,2307.0,19
06-2016,5911.0,2531.0,19
07-2016,7474.0,3423.0,19
08-2016,8491.0,4390.0,19
09-2016,6868.0,2633.0,19
10-2016,6181.0,2488.0,19
11-2016,6973.0,2638.0,19
12-2016,6489.0,2270.0,19
01-2014,13551.0,6985.0,20
02-2014,12467.0,6317.0,20
03-2014,14693.0,8089.0,20
04-2014,17662.0,9487.0,20
05-2014,21388.0,11403.0,20
06-2014,25769.0,15319.0,20
07-2014,39829.0,25806.0,20
08-2014,40644.0,29597.0,20
09-2014,30529.0,18551.0,20
10-2014,19783.0,9933.0,20
11-2014,13600.0,6494.0,20
12-2014,12724.0,6284.0,20
01-2015,14022.0,6836.0,20
02-2015,12448.0,6736.0,20
03-2015,12540.0,6336.0,20
04-2015,15376.0,7778.0,20
05-2015,18611.0,9926.0,20
06-2015,24869.0,14698.0,20
07-2015,34720.0,21360.0,20
08-2015,37320.0,24310.0,20
09-2015,27518.0,15428.0,20
10-2015,19164.0,9199.0,20
11-2015,15733.0,5933.0,20
12-2015,11110.0,5866.0,20
01-2016,10078.0,5026.0,20
02-2016,10287.0,5343.0,20
03-2016,10369.0,5504.0,20
04-2016,12974.0,6692.0,20
05-2016,15445.0,8166.0,20
06-2016,20659.0,12710.0,20
07-2016,31681.0,19369.0,20
08-2016,33860.0,21851.0,20
09-2016,25016.0,13893.0,20
10-2016,18049.0,8069.0,20
11-2016,16263.0,6098.0,20
12-2016,13520.0,5387.0,20
01-2014,15912.0,7645.0,21
02-2014,13746.0,7110.0,21
03-2014,15148.0,8974.0,21
04-2014,15176.0,8453.0,21
05-2014,15705.0,8119.0,21
06-2014,14332.0,7741.0,21
07-2014,17240.0,9074.0,21
08-2014,16431.0,8863.0,21
09-2014,17460.0,8966.0,21
10-2014,15848.0,8089.0,21
11-2014,14269.0,7306.0,21
12-2014,14645.0,7600.0,21
01-2015,15962.0,8407.0,21
02-2015,12614.0,7024.0,21
03-2015,13606.0,7324.0,21
04-2015,13396.0,7472.0,21
05-2015,12987.0,6995.0,21
06-2015,13860.0,7556.0,21
07-2015,14704.0,7907.0,21
08-2015,14428.0,7708.0,21
09-2015,13851.0,7024.0,21
10-2015,14971.0,7407.0,21
11-2015,14275.0,7108.0,21
12-2015,13123.0,6974.0,21
01-2016,12308.0,6265.0,21
02-2016,12575.0,6081.0,21
03-2016,12533.0,6545.0,21
04-2016,11789.0,6301.0,21
05-2016,12070.0,6270.0,21
06-2016,13284.0,6798.0,21
07-2016,13805.0,6969.0,21
08-2016,13392.0,7271.0,21
09-2016,13877.0,6647.0,21
10-2016,14572.0,6661.0,21
11-2016,14955.0,7058.0,21
12-2016,13708.0,6737.0,21
01-2014,11690.0,5857.0,22
02-2014,11790.0,5984.0,22
03-2014,13936.0,7471.0,22
04-2014,17751.0,10333.0,22
05-2014,17228.0,8221.0,22
06-2014,14235.0,7820.0,22
07-2014,28032.0,17179.0,22
08-2014,30958.0,22299.0,22
09-2014,19480.0,10652.0,22
10-2014,16945.0,8604.0,22
11-2014,13583.0,6582.0,22
12-2014,13091.0,6375.0,22
01-2015,12628.0,6366.0,22
02-2015,11973.0,6314.0,22
03-2015,12069.0,6166.0,22
04-2015,15403.0,8526.0,22
05-2015,14735.0,7494.0,22
06-2015,15220.0,7720.0,22
07-2015,25312.0,15687.0,22
08-2015,29498.0,18471.0,22
09-2015,16789.0,8649.0,22
10-2015,17403.0,8044.0,22
11-2015,13702.0,5912.0,22
12-2015,11719.0,6155.0,22
01-2016,10765.0,5010.0,22
02-2016,11673.0,5355.0,22
03-2016,12218.0,5859.0,22
04-2016,13214.0,7488.0,22
05-2016,12996.0,6528.0,22
06-2016,13696.0,7080.0,22
07-2016,22084.0,13536.0,22
08-2016,26602.0,16847.0,22
09-2016,17230.0,8206.0,22
10-2016,15056.0,6932.0,22
11-2016,15318.0,6268.0,22
12-2016,13469.0,6170.0,22
01-2014,2112.0,892.0,23
02-2014,1931.0,852.0,23
03-2014,2141.0,1181.0,23
04-2014,2581.0,1306.0,23
05-2014,2755.0,1259.0,23
06-2014,2230.0,1090.0,23
07-2014,3720.0,1933.0,23
08-2014,3828.0,2465.0,23
09-2014,3032.0,1399.0,23
10-2014,2755.0,1134.0,23
11-2014,2211.0,898.0,23
12-2014,2061.0,863.0,23
01-2015,2222.0,950.0,23
02-2015,1772.0,797.0,23
03-2015,1557.0,805.0,23
04-2015,2063.0,991.0,23
05-2015,2069.0,960.0,23
06-2015,2025.0,916.0,23
07-2015,2822.0,1516.0,23
08-2015,3324.0,1802.0,23
09-2015,2434.0,1014.0,23
10-2015,2461.0,1074.0,23
11-2015,2424.0,849.0,23
12-2015,1992.0,854.0,23
01-2016,1885.0,736.0,23
02-2016,1731.0,711.0,23
03-2016,1774.0,792.0,23
04-2016,1931.0,869.0,23
05-2016,2087.0,835.0,23
06-2016,2145.0,887.0,23
07-2016,2942.0,1402.0,23
08-2016,3316.0,1706.0,23
09-2016,2834.0,930.0,23
10-2016,2484.0,893.0,23
11-2016,2548.0,815.0,23
12-2016,2262.0,754.0,23
01-2014,9475.0,4752.0,24
02-2014,8634.0,4443.0,24
03-2014,10713.0,5981.0,24
04-2014,12286.0,6478.0,24
05-2014,12177.0,6026.0,24
06-2014,11149.0,5930.0,24
07-2014,17129.0,9310.0,24
08-2014,18555.0,11408.0,24
09-2014,14065.0,7507.0,24
10-2014,12772.0,6144.0,24
11-2014,10487.0,5097.0,24
12-2014,10862.0,5310.0,24
01-2015,11258.0,5469.0,24
02-2015,8920.0,4918.0,24
03-2015,9950.0,5019.0,24
04-2015,11820.0,5789.0,24
05-2015,10936.0,5509.0,24
06-2015,11618.0,6191.0,24
07-2015,16307.0,8798.0,24
08-2015,18602.0,9954.0,24
09-2015,13293.0,6575.0,24
10-2015,13423.0,5980.0,24
11-2015,13256.0,5134.0,24
12-2015,10295.0,5167.0,24
01-2016,9264.0,4352.0,24
02-2016,9381.0,4405.0,24
03-2016,9784.0,4732.0,24
04-2016,10753.0,5197.0,24
05-2016,11082.0,4988.0,24
06-2016,11689.0,5564.0,24
07-2016,15833.0,7676.0,24
08-2016,18069.0,9346.0,24
09-2016,14031.0,5844.0,24
10-2016,12328.0,5310.0,24
11-2016,13370.0,5119.0,24
12-2016,12419.0,4855.0,24
01-2014,7710.0,3184.0,25
02-2014,7323.0,3032.0,25
03-2014,7855.0,3642.0,25
04-2014,7297.0,3392.0,25
05-2014,7375.0,3097.0,25
06-2014,6421.0,2897.0,25
07-2014,8051.0,3565.0,25
08-2014,8303.0,3961.0,25
09-2014,8046.0,3628.0,25
10-2014,7595.0,3513.0,25
11-2014,6905.0,3135.0,25
12-2014,7745.0,3263.0,25
01-2015,9076.0,4060.0,25
02-2015,7530.0,3234.0,25
03-2015,7537.0,3209.0,25
04-2015,6701.0,3032.0,25
05-2015,6068.0,2786.0,25
06-2015,6355.0,2951.0,25
07-2015,7789.0,3359.0,25
08-2015,7708.0,3276.0,25
09-2015,7695.0,3092.0,25
10-2015,7729.0,3084.0,25
11-2015,8013.0,3013.0,25
12-2015,6892.0,2984.0,25
01-2016,6823.0,2850.0,25
02-2016,6877.0,2820.0,25
03-2016,6328.0,2696.0,25
04-2016,5669.0,2583.0,25
05-2016,5528.0,2448.0,25
06-2016,6000.0,2637.0,25
07-2016,6225.0,2935.0,25
08-2016,6325.0,3167.0,25
09-2016,6470.0,2790.0,25
10-2016,6956.0,2855.0,25
11-2016,7236.0,3040.0,25
12-2016,6988.0,2946.0,25
01-2014,11544.0,5972.0,26
02-2014,10073.0,5537.0,26
03-2014,11598.0,6658.0,26
04-2014,12063.0,6970.0,26
05-2014,11976.0,6695.0,26
06-2014,11364.0,6251.0,26
07-2014,16568.0,9477.0,26
08-2014,16667.0,9892.0,26
09-2014,13871.0,7424.0,26
10-2014,11686.0,6339.0,26
11-2014,10741.0,5575.0,26
12-2014,10661.0,5769.0,26
01-2015,11149.0,6089.0,26
02-2015,8773.0,5231.0,26
03-2015,9686.0,5159.0,26
04-2015,10521.0,5684.0,26
05-2015,10402.0,5572.0,26
06-2015,11933.0,6207.0,26
07-2015,15162.0,8272.0,26
08-2015,15332.0,8269.0,26
09-2015,13117.0,6161.0,26
10-2015,12293.0,5779.0,26
11-2015,12076.0,5382.0,26
12-2015,9475.0,5227.0,26
01-2016,8594.0,4736.0,26
02-2016,8561.0,4515.0,26
03-2016,8569.0,4882.0,26
04-2016,9919.0,4921.0,26
05-2016,9968.0,5083.0,26
06-2016,10619.0,5643.0,26
07-2016,12404.0,6953.0,26
08-2016,12619.0,7465.0,26
09-2016,11848.0,5560.0,26
10-2016,11933.0,5217.0,26
11-2016,12372.0,5214.0,26
12-2016,10711.0,4895.0,26
01-2014,17090.0,7811.0,27
02-2014,15750.0,7234.0,27
03-2014,17386.0,9089.0,27
04-2014,17571.0,9143.0,27
05-2014,17325.0,8546.0,27
06-2014,15686.0,7870.0,27
07-2014,19688.0,10062.0,27
08-2014,19221.0,10806.0,27
09-2014,17231.0,9040.0,27
10-2014,17279.0,8480.0,27
11-2014,15714.0,7211.0,27
12-2014,15689.0,7593.0,27
01-2015,17109.0,8285.0,27
02-2015,13628.0,7097.0,27
03-2015,13355.0,6674.0,27
04-2015,15514.0,7938.0,27
05-2015,14896.0,7508.0,27
06-2015,14583.0,7412.0,27
07-2015,16772.0,8990.0,27
08-2015,17192.0,9126.0,27
09-2015,16093.0,7493.0,27
10-2015,16249.0,7798.0,27
11-2015,16282.0,7226.0,27
12-2015,14594.0,7562.0,27
01-2016,13668.0,6281.0,27
02-2016,13433.0,6278.0,27
03-2016,13768.0,6601.0,27
04-2016,13061.0,6559.0,27
05-2016,12384.0,6134.0,27
06-2016,12602.0,6378.0,27
07-2016,13415.0,7317.0,27
08-2016,14979.0,8427.0,27
09-2016,13045.0,6449.0,27
10-2016,13556.0,6544.0,27
11-2016,14462.0,6733.0,27
12-2016,13167.0,6600.0,27
01-2014,11021.0,4940.0,28
02-2014,10177.0,4377.0,28
03-2014,10757.0,5696.0,28
04-2014,11524.0,5562.0,28
05-2014,11237.0,5283.0,28
06-2014,9623.0,4828.0,28
07-2014,12587.0,6055.0,28
08-2014,12162.0,6168.0,28
09-2014,10488.0,5444.0,28
10-2014,10830.0,5467.0,28
11-2014,9950.0,4796.0,28
12-2014,10275.0,4874.0,28
01-2015,10577.0,5132.0,28
02-2015,9065.0,4490.0,28
03-2015,8757.0,4193.0,28
04-2015,10674.0,5065.0,28
05-2015,10263.0,4638.0,28
06-2015,9940.0,4752.0,28
07-2015,11886.0,5654.0,28
08-2015,11610.0,5792.0,28
09-2015,10791.0,5045.0,28
10-2015,11486.0,5119.0,28
11-2015,11051.0,4707.0,28
12-2015,9150.0,4824.0,28
01-2016,8947.0,4126.0,28
02-2016,8390.0,4008.0,28
03-2016,8367.0,4076.0,28
04-2016,8163.0,4050.0,28
05-2016,7954.0,3910.0,28
06-2016,8326.0,4196.0,28
07-2016,8711.0,4678.0,28
08-2016,8204.0,4830.0,28
09-2016,9221.0,4407.0,28
10-2016,9728.0,4202.0,28
11-2016,10367.0,4309.0,28
12-2016,9912.0,4259.0,28
01-2014,18227.0,9171.0,29
02-2014,17354.0,8453.0,29
03-2014,20447.0,10731.0,29
04-2014,23992.0,12874.0,29
05-2014,21376.0,10688.0,29
06-2014,18999.0,10558.0,29
07-2014,33495.0,20150.0,29
08-2014,36319.0,24340.0,29
09-2014,25184.0,13873.0,29
10-2014,21479.0,10659.0,29
11-2014,17892.0,8535.0,29
12-2014,18435.0,8901.0,29
01-2015,18784.0,9456.0,29
02-2015,16606.0,8691.0,29
03-2015,17181.0,8591.0,29
04-2015,19961.0,10607.0,29
05-2015,18810.0,9269.0,29
06-2015,19796.0,10531.0,29
07-2015,31537.0,18627.0,29
08-2015,34759.0,20949.0,29
09-2015,22422.0,11321.0,29
10-2015,23860.0,9872.0,29
11-2015,21245.0,8221.0,29
12-2015,17759.0,8301.0,29
01-2016,16033.0,7152.0,29
02-2016,16922.0,7618.0,29
03-2016,17050.0,7935.0,29
04-2016,17263.0,9051.0,29
05-2016,17190.0,8106.0,29
06-2016,18922.0,9630.0,29
07-2016,25680.0,15673.0,29
08-2016,29908.0,18541.0,29
09-2016,22801.0,10531.0,29
10-2016,20786.0,8988.0,29
11-2016,21110.0,8494.0,29
12-2016,18844.0,8308.0,29
01-2014,16807.0,9059.0,30
02-2014,14940.0,8016.0,30
03-2014,17144.0,10079.0,30
04-2014,18089.0,10496.0,30
05-2014,18010.0,9865.0,30
06-2014,18378.0,10055.0,30
07-2014,26228.0,14397.0,30
08-2014,25673.0,14980.0,30
09-2014,22043.0,12120.0,30
10-2014,17810.0,9237.0,30
11-2014,15602.0,8206.0,30
12-2014,16078.0,8546.0,30
01-2015,17412.0,9349.0,30
02-2015,14006.0,7938.0,30
03-2015,15890.0,8286.0,30
04-2015,17181.0,8783.0,30
05-2015,16614.0,8532.0,30
06-2015,18695.0,9441.0,30
07-2015,25193.0,12537.0,30
08-2015,25277.0,12246.0,30
09-2015,20811.0,9783.0,30
10-2015,18174.0,8693.0,30
11-2015,17714.0,8098.0,30
12-2015,15813.0,7882.0,30
01-2016,15039.0,7285.0,30
02-2016,15943.0,7300.0,30
03-2016,16070.0,7443.0,30
04-2016,15181.0,7676.0,30
05-2016,15862.0,7903.0,30
06-2016,17409.0,8843.0,30
07-2016,20824.0,10708.0,30
08-2016,21069.0,11346.0,30
09-2016,19387.0,8708.0,30
10-2016,17980.0,7818.0,30
11-2016,18518.0,8052.0,30
12-2016,16740.0,7867.0,30
01-2014,32954.0,18804.0,31
02-2014,30741.0,17353.0,31
03-2014,35949.0,21398.0,31
04-2014,34553.0,18680.0,31
05-2014,33017.0,17855.0,31
06-2014,30228.0,16780.0,31
07-2014,29940.0,17468.0,31
08-2014,28424.0,16170.0,31
09-2014,34334.0,19600.0,31
10-2014,33705.0,19247.0,31
11-2014,30846.0,17213.0,31
12-2014,32199.0,18203.0,31
01-2015,34231.0,20546.0,31
02-2015,28056.0,17066.0,31
03-2015,31663.0,17402.0,31
04-2015,30748.0,16275.0,31
05-2015,28378.0,15044.0,31
06-2015,28747.0,15985.0,31
07-2015,26852.0,14561.0,31
08-2015,24856.0,13342.0,31
09-2015,29586.0,16300.0,31
10-2015,30852.0,16448.0,31
11-2015,33099.0,16299.0,31
12-2015,31381.0,16341.0,31
01-2016,27516.0,14795.0,31
02-2016,28014.0,14798.0,31
03-2016,27645.0,14924.0,31
04-2016,27147.0,14336.0,31
05-2016,25332.0,13461.0,31
06-2016,26483.0,14788.0,31
07-2016,27615.0,13169.0,31
08-2016,26576.0,13686.0,31
09-2016,29296.0,14353.0,31
10-2016,29464.0,14889.0,31
11-2016,33280.0,16397.0,31
12-2016,32022.0,15225.0,31
01-2014,4445.0,2054.0,32
02-2014,3728.0,1862.0,32
03-2014,4964.0,2589.0,32
04-2014,5285.0,2594.0,32
05-2014,5375.0,2599.0,32
06-2014,5054.0,2363.0,32
07-2014,6949.0,3903.0,32
08-2014,7924.0,4653.0,32
09-2014,6620.0,3328.0,32
10-2014,5559.0,2671.0,32
11-2014,4632.0,2262.0,32
12-2014,4812.0,2064.0,32
01-2015,4836.0,2281.0,32
02-2015,3818.0,2062.0,32
03-2015,4433.0,1985.0,32
04-2015,4718.0,2240.0,32
05-2015,4506.0,2205.0,32
06-2015,4643.0,2210.0,32
07-2015,6494.0,3462.0,32
08-2015,7260.0,4186.0,32
09-2015,5809.0,2758.0,32
10-2015,5500.0,2452.0,32
11-2015,5488.0,2241.0,32
12-2015,4373.0,2052.0,32
01-2016,3937.0,1682.0,32
02-2016,4132.0,1700.0,32
03-2016,4255.0,1898.0,32
04-2016,4376.0,2092.0,32
05-2016,4352.0,2103.0,32
06-2016,4688.0,2265.0,32
07-2016,6315.0,3104.0,32
08-2016,7519.0,4041.0,32
09-2016,5680.0,2621.0,32
10-2016,5181.0,2273.0,32
11-2016,5715.0,2325.0,32
12-2016,5196.0,1989.0,32
01-2014,33572.0,19527.0,33
02-2014,31628.0,17587.0,33
03-2014,37575.0,22003.0,33
04-2014,40411.0,22530.0,33
05-2014,40255.0,21921.0,33
06-2014,38065.0,21372.0,33
07-2014,55349.0,31945.0,33
08-2014,56477.0,36806.0,33
09-2014,47797.0,25895.0,33
10-2014,42261.0,21576.0,33
11-2014,34684.0,18807.0,33
12-2014,36481.0,20026.0,33
01-2015,38859.0,21787.0,33
02-2015,32441.0,18516.0,33
03-2015,35226.0,18736.0,33
04-2015,39698.0,20567.0,33
05-2015,39507.0,19646.0,33
06-2015,40386.0,21481.0,33
07-2015,51411.0,29444.0,33
08-2015,56434.0,31818.0,33
09-2015,44014.0,22795.0,33
10-2015,45383.0,20189.0,33
11-2015,45673.0,19199.0,33
12-2015,40755.0,19020.0,33
01-2016,36851.0,16954.0,33
02-2016,36254.0,16655.0,33
03-2016,36755.0,17596.0,33
04-2016,37328.0,18262.0,33
05-2016,35850.0,17770.0,33
06-2016,38875.0,19885.0,33
07-2016,52567.0,27062.0,33
08-2016,55998.0,30878.0,33
09-2016,45064.0,20946.0,33
10-2016,41009.0,18680.0,33
11-2016,43736.0,18743.0,33
12-2016,38996.0,17889.0,33
01-2014,30913.0,16287.0,34
02-2014,28010.0,14864.0,34
03-2014,33048.0,18910.0,34
04-2014,33445.0,18130.0,34
05-2014,32953.0,17783.0,34
06-2014,32081.0,18025.0,34
07-2014,45089.0,24638.0,34
08-2014,43849.0,24765.0,34
09-2014,40415.0,21542.0,34
10-2014,32292.0,16850.0,34
11-2014,27653.0,14873.0,34
12-2014,28660.0,15186.0,34
01-2015,30618.0,17195.0,34
02-2015,25394.0,14910.0,34
03-2015,28008.0,15036.0,34
04-2015,29742.0,15532.0,34
05-2015,29262.0,15046.0,34
06-2015,33309.0,17122.0,34
07-2015,43799.0,21122.0,34
08-2015,42525.0,20550.0,34
09-2015,36755.0,17670.0,34
10-2015,32273.0,15053.0,34
11-2015,31808.0,14349.0,34
12-2015,28783.0,13870.0,34
01-2016,27280.0,12908.0,34
02-2016,28787.0,12912.0,34
03-2016,28536.0,13222.0,34
04-2016,28223.0,13357.0,34
05-2016,27654.0,13452.0,34
06-2016,30402.0,15500.0,34
07-2016,36354.0,18100.0,34
08-2016,36396.0,18554.0,34
09-2016,33628.0,15523.0,34
10-2016,31436.0,13595.0,34
11-2016,31795.0,14341.0,34
12-2016,28274.0,12989.0,34
01-2014,19593.0,10195.0,35
02-2014,18806.0,10152.0,35
03-2014,21878.0,12209.0,35
04-2014,23541.0,13107.0,35
05-2014,21938.0,11177.0,35
06-2014,19684.0,10760.0,35
07-2014,28106.0,16746.0,35
08-2014,27901.0,18591.0,35
09-2014,23245.0,13241.0,35
10-2014,22268.0,11998.0,35
11-2014,19338.0,10334.0,35
12-2014,19982.0,10663.0,35
01-2015,22630.0,11831.0,35
02-2015,19277.0,10622.0,35
03-2015,21066.0,10472.0,35
04-2015,22063.0,11309.0,35
05-2015,19966.0,10372.0,35
06-2015,21603.0,10627.0,35
07-2015,27314.0,15346.0,35
08-2015,28395.0,16238.0,35
09-2015,22114.0,11538.0,35
10-2015,23623.0,11692.0,35
11-2015,20742.0,10006.0,35
12-2015,18915.0,10216.0,35
01-2016,17156.0,9122.0,35
02-2016,18181.0,9347.0,35
03-2016,19213.0,9864.0,35
04-2016,19424.0,10309.0,35
05-2016,18594.0,9240.0,35
06-2016,17530.0,9817.0,35
07-2016,22058.0,13029.0,35
08-2016,23729.0,15226.0,35
09-2016,20257.0,10063.0,35
10-2016,20948.0,10256.0,35
11-2016,21383.0,10250.0,35
12-2016,18809.0,9908.0,35
01-2014,6163.0,2597.0,36
02-2014,5492.0,2224.0,36
03-2014,6412.0,3004.0,36
04-2014,6637.0,3014.0,36
05-2014,6472.0,2861.0,36
06-2014,5751.0,2619.0,36
07-2014,6881.0,3582.0,36
08-2014,7228.0,4000.0,36
09-2014,6322.0,3050.0,36
10-2014,6134.0,2804.0,36
11-2014,5190.0,2368.0,36
12-2014,5158.0,2404.0,36
01-2015,5278.0,2463.0,36
02-2015,4301.0,2113.0,36
03-2015,3931.0,2018.0,36
04-2015,5240.0,2347.0,36
05-2015,5112.0,2254.0,36
06-2015,4769.0,2262.0,36
07-2015,6523.0,3062.0,36
08-2015,6904.0,3234.0,36
09-2015,5976.0,2459.0,36
10-2015,5455.0,2455.0,36
11-2015,5179.0,2262.0,36
12-2015,4760.0,2219.0,36
01-2016,4324.0,1814.0,36
02-2016,4212.0,1776.0,36
03-2016,4308.0,1879.0,36
04-2016,4503.0,2052.0,36
05-2016,4518.0,1986.0,36
06-2016,4745.0,2196.0,36
07-2016,5461.0,2859.0,36
08-2016,5543.0,3258.0,36
09-2016,5638.0,2222.0,36
10-2016,5282.0,2290.0,36
11-2016,5626.0,2160.0,36
12-2016,5111.0,2066.0,36
01-2014,17872.0,8479.0,37
02-2014,16236.0,7542.0,37
03-2014,17177.0,9443.0,37
04-2014,17905.0,8967.0,37
05-2014,17272.0,8653.0,37
06-2014,15992.0,8060.0,37
07-2014,19192.0,9382.0,37
08-2014,17896.0,9462.0,37
09-2014,16726.0,8807.0,37
10-2014,16758.0,8344.0,37
11-2014,15120.0,7546.0,37
12-2014,15515.0,7649.0,37
01-2015,16307.0,8771.0,37
02-2015,13757.0,7342.0,37
03-2015,12890.0,6775.0,37
04-2015,14300.0,7423.0,37
05-2015,13800.0,6896.0,37
06-2015,13643.0,7525.0,37
07-2015,15038.0,7528.0,37
08-2015,15186.0,7589.0,37
09-2015,14442.0,7226.0,37
10-2015,16025.0,7393.0,37
11-2015,15546.0,7354.0,37
12-2015,13861.0,7532.0,37
01-2016,13048.0,6417.0,37
02-2016,13124.0,6427.0,37
03-2016,13505.0,6895.0,37
04-2016,13284.0,6803.0,37
05-2016,13254.0,6608.0,37
06-2016,14627.0,7326.0,37
07-2016,14387.0,7233.0,37
08-2016,15245.0,7710.0,37
09-2016,15938.0,6882.0,37
10-2016,15251.0,6889.0,37
11-2016,16118.0,7339.0,37
12-2016,15473.0,7077.0,37
01-2014,29528.0,14777.0,38
02-2014,29368.0,13841.0,38
03-2014,31448.0,16669.0,38
04-2014,27882.0,13997.0,38
05-2014,24479.0,12122.0,38
06-2014,22074.0,11435.0,38
07-2014,28385.0,14666.0,38
08-2014,28404.0,14694.0,38
09-2014,25839.0,13146.0,38
10-2014,23190.0,11980.0,38
11-2014,21254.0,10879.0,38
12-2014,25433.0,13428.0,38
01-2015,31623.0,15871.0,38
02-2015,27613.0,14833.0,38
03-2015,28375.0,13546.0,38
04-2015,24774.0,11752.0,38
05-2015,20846.0,10261.0,38
06-2015,22174.0,11340.0,38
07-2015,26339.0,13221.0,38
08-2015,24861.0,12537.0,38
09-2015,22472.0,10945.0,38
10-2015,23456.0,11248.0,38
11-2015,23318.0,10937.0,38
12-2015,23399.0,11755.0,38
01-2016,21415.0,11088.0,38
02-2016,24802.0,12340.0,38
03-2016,24298.0,11751.0,38
04-2016,19095.0,9703.0,38
05-2016,17551.0,9203.0,38
06-2016,18913.0,9730.0,38
07-2016,20688.0,10544.0,38
08-2016,19730.0,11182.0,38
09-2016,19509.0,9710.0,38
10-2016,20736.0,9821.0,38
11-2016,21483.0,10438.0,38
12-2016,22520.0,11404.0,38
01-2014,5439.0,2127.0,39
02-2014,5078.0,2233.0,39
03-2014,5451.0,2507.0,39
04-2014,5098.0,2315.0,39
05-2014,5202.0,2217.0,39
06-2014,4744.0,2142.0,39
07-2014,6755.0,3227.0,39
08-2014,7263.0,3794.0,39
09-2014,5723.0,2521.0,39
10-2014,4886.0,2197.0,39
11-2014,4190.0,1813.0,39
12-2014,4750.0,2062.0,39
01-2015,5029.0,2187.0,39
02-2015,4529.0,2083.0,39
03-2015,4497.0,1924.0,39
04-2015,4248.0,1895.0,39
05-2015,4036.0,1808.0,39
06-2015,4365.0,1968.0,39
07-2015,6070.0,2716.0,39
08-2015,6620.0,3166.0,39
09-2015,4838.0,2030.0,39
10-2015,4591.0,1913.0,39
11-2015,4615.0,1679.0,39
12-2015,4173.0,1704.0,39
01-2016,3976.0,1503.0,39
02-2016,4233.0,1838.0,39
03-2016,4097.0,1783.0,39
04-2016,3488.0,1572.0,39
05-2016,3677.0,1624.0,39
06-2016,3858.0,1698.0,39
07-2016,4619.0,2366.0,39
08-2016,5312.0,2753.0,39
09-2016,4358.0,1845.0,39
10-2016,4224.0,1743.0,39
11-2016,4406.0,1684.0,39
12-2016,4094.0,1802.0,39
01-2014,11394.0,5548.0,40
02-2014,11219.0,5381.0,40
03-2014,13648.0,7371.0,40
04-2014,15951.0,8378.0,40
05-2014,15743.0,7847.0,40
06-2014,15113.0,7865.0,40
07-2014,25351.0,14496.0,40
08-2014,27637.0,17369.0,40
09-2014,19602.0,10431.0,40
10-2014,15592.0,7889.0,40
11-2014,12667.0,6395.0,40
12-2014,12863.0,5912.0,40
01-2015,12255.0,5655.0,40
02-2015,10368.0,5398.0,40
03-2015,11779.0,5827.0,40
04-2015,13949.0,7059.0,40
05-2015,13506.0,6891.0,40
06-2015,14238.0,7766.0,40
07-2015,23136.0,12985.0,40
08-2015,26081.0,14836.0,40
09-2015,16790.0,8666.0,40
10-2015,14760.0,7411.0,40
11-2015,14029.0,5940.0,40
12-2015,10961.0,5358.0,40
01-2016,9583.0,4510.0,40
02-2016,9783.0,4614.0,40
03-2016,10613.0,5539.0,40
04-2016,12582.0,6494.0,40
05-2016,12904.0,6461.0,40
06-2016,14422.0,7325.0,40
07-2016,22814.0,11765.0,40
08-2016,26298.0,14765.0,40
09-2016,16832.0,8302.0,40
10-2016,14637.0,7237.0,40
11-2016,15167.0,6281.0,40
12-2016,12809.0,5256.0,40
01-2014,11257.0,5069.0,41
02-2014,9825.0,4656.0,41
03-2014,10760.0,5761.0,41
04-2014,11411.0,5933.0,41
05-2014,11582.0,5737.0,41
06-2014,10262.0,5026.0,41
07-2014,13185.0,6761.0,41
08-2014,12691.0,7155.0,41
09-2014,11204.0,5757.0,41
10-2014,10646.0,5477.0,41
11-2014,10034.0,4798.0,41
12-2014,10427.0,4923.0,41
01-2015,10938.0,5222.0,41
02-2015,8864.0,4273.0,41
03-2015,8853.0,4116.0,41
04-2015,9933.0,4816.0,41
05-2015,9453.0,4640.0,41
06-2015,10073.0,4765.0,41
07-2015,11883.0,5923.0,41
08-2015,11624.0,5984.0,41
09-2015,10910.0,4613.0,41
10-2015,11318.0,5041.0,41
11-2015,10747.0,4398.0,41
12-2015,9488.0,4475.0,41
01-2016,9184.0,4027.0,41
02-2016,9139.0,3803.0,41
03-2016,9022.0,3995.0,41
04-2016,8656.0,4142.0,41
05-2016,8158.0,4020.0,41
06-2016,8431.0,4190.0,41
07-2016,9258.0,5039.0,41
08-2016,9135.0,5661.0,41
09-2016,8971.0,4111.0,41
10-2016,9688.0,4346.0,41
11-2016,9936.0,4227.0,41
12-2016,9015.0,4305.0,41
01-2014,11687.0,5556.0,42
02-2014,11409.0,5504.0,42
03-2014,10622.0,5415.0,42
04-2014,11416.0,5736.0,42
05-2014,11043.0,5451.0,42
06-2014,10001.0,4934.0,42
07-2014,12487.0,6185.0,42
08-2014,11678.0,5569.0,42
09-2014,12032.0,5813.0,42
10-2014,11404.0,5634.0,42
11-2014,10148.0,4814.0,42
12-2014,10929.0,5282.0,42
01-2015,12209.0,5969.0,42
02-2015,9888.0,4889.0,42
03-2015,10633.0,4745.0,42
04-2015,9434.0,4683.0,42
05-2015,9086.0,4345.0,42
06-2015,9479.0,4625.0,42
07-2015,10941.0,4898.0,42
08-2015,9992.0,4519.0,42
09-2015,10346.0,4575.0,42
10-2015,11010.0,4619.0,42
11-2015,11208.0,4702.0,42
12-2015,9983.0,4509.0,42
01-2016,9178.0,4069.0,42
02-2016,9249.0,3883.0,42
03-2016,9415.0,3960.0,42
04-2016,8808.0,3791.0,42
05-2016,8313.0,3635.0,42
06-2016,8806.0,4002.0,42
07-2016,9227.0,4144.0,42
08-2016,8126.0,4233.0,42
09-2016,9232.0,4049.0,42
10-2016,9782.0,4135.0,42
11-2016,10355.0,4357.0,42
12-2016,9796.0,4142.0,42
01-2014,3557.0,1615.0,43
02-2014,3082.0,1411.0,43
03-2014,3237.0,1722.0,43
04-2014,3736.0,1984.0,43
05-2014,4109.0,2124.0,43
06-2014,3827.0,2014.0,43
07-2014,7082.0,3904.0,43
08-2014,7579.0,4684.0,43
09-2014,5030.0,2693.0,43
10-2014,4164.0,2153.0,43
11-2014,3641.0,1716.0,43
12-2014,3775.0,1638.0,43
01-2015,3686.0,1821.0,43
02-2015,2774.0,1522.0,43
03-2015,3104.0,1513.0,43
04-2015,3529.0,1680.0,43
05-2015,3656.0,1845.0,43
06-2015,3881.0,1942.0,43
07-2015,6347.0,3156.0,43
08-2015,7607.0,3989.0,43
09-2015,4957.0,2266.0,43
10-2015,4606.0,2015.0,43
11-2015,4606.0,1615.0,43
12-2015,4028.0,1650.0,43
01-2016,3940.0,1375.0,43
02-2016,3726.0,1392.0,43
03-2016,3788.0,1441.0,43
04-2016,4169.0,1669.0,43
05-2016,3811.0,1542.0,43
06-2016,4011.0,1825.0,43
07-2016,5018.0,2651.0,43
08-2016,6091.0,3579.0,43
09-2016,4806.0,2015.0,43
10-2016,4707.0,1827.0,43
11-2016,4566.0,1684.0,43
12-2016,4323.0,1502.0,43
01-2014,33248.0,18465.0,44
02-2014,31424.0,17292.0,44
03-2014,36679.0,21324.0,44
04-2014,39870.0,23747.0,44
05-2014,38099.0,20670.0,44
06-2014,34551.0,19975.0,44
07-2014,52762.0,33400.0,44
08-2014,56732.0,37379.0,44
09-2014,39375.0,24057.0,44
10-2014,34845.0,20347.0,44
11-2014,30281.0,17281.0,44
12-2014,32309.0,18347.0,44
01-2015,33619.0,19639.0,44
02-2015,30053.0,17819.0,44
03-2015,32260.0,17908.0,44
04-2015,36215.0,20392.0,44
05-2015,33652.0,18036.0,44
06-2015,33661.0,19675.0,44
07-2015,49962.0,29253.0,44
08-2015,50539.0,31178.0,44
09-2015,36342.0,19892.0,44
10-2015,37531.0,18565.0,44
11-2015,35940.0,16604.0,44
12-2015,32846.0,16915.0,44
01-2016,30654.0,14725.0,44
02-2016,32822.0,15144.0,44
03-2016,33859.0,16125.0,44
04-2016,33335.0,17330.0,44
05-2016,30943.0,15731.0,44
06-2016,30384.0,16727.0,44
07-2016,45540.0,25902.0,44
08-2016,50329.0,29837.0,44
09-2016,36281.0,18094.0,44
10-2016,34888.0,16819.0,44
11-2016,35435.0,16559.0,44
12-2016,32331.0,16112.0,44
01-2014,17875.0,9672.0,45
02-2014,15903.0,7725.0,45
03-2014,16885.0,9482.0,45
04-2014,17043.0,8791.0,45
05-2014,17049.0,8561.0,45
06-2014,15108.0,7783.0,45
07-2014,19257.0,9133.0,45
08-2014,17795.0,9527.0,45
09-2014,15928.0,8782.0,45
10-2014,15663.0,8488.0,45
11-2014,14709.0,7944.0,45
12-2014,15589.0,8345.0,45
01-2015,16279.0,9300.0,45
02-2015,14251.0,7316.0,45
03-2015,14437.0,7131.0,45
04-2015,16303.0,7739.0,45
05-2015,15513.0,7527.0,45
06-2015,15528.0,7466.0,45
07-2015,17470.0,8336.0,45
08-2015,15873.0,7907.0,45
09-2015,15294.0,7449.0,45
10-2015,16580.0,7825.0,45
11-2015,16478.0,7742.0,45
12-2015,16053.0,7638.0,45
01-2016,15058.0,6752.0,45
02-2016,14829.0,6652.0,45
03-2016,14425.0,6928.0,45
04-2016,13086.0,6723.0,45
05-2016,13081.0,6610.0,45
06-2016,12867.0,6484.0,45
07-2016,13459.0,7009.0,45
08-2016,13111.0,7522.0,45
09-2016,14636.0,6876.0,45
10-2016,15598.0,6956.0,45
11-2016,16441.0,7304.0,45
12-2016,15207.0,6947.0,45
01-2014,6503.0,2994.0,46
02-2014,6059.0,2720.0,46
03-2014,7139.0,3502.0,46
04-2014,7448.0,3933.0,46
05-2014,8101.0,3820.0,46
06-2014,7211.0,3759.0,46
07-2014,11662.0,6114.0,46
08-2014,12786.0,7613.0,46
09-2014,9757.0,4757.0,46
10-2014,8180.0,3754.0,46
11-2014,6658.0,2834.0,46
12-2014,6531.0,2800.0,46
01-2015,6467.0,2898.0,46
02-2015,5744.0,2672.0,46
03-2015,6059.0,2598.0,46
04-2015,6853.0,3208.0,46
05-2015,7168.0,3256.0,46
06-2015,7438.0,3473.0,46
07-2015,10442.0,5516.0,46
08-2015,11868.0,6410.0,46
09-2015,8477.0,4052.0,46
10-2015,7167.0,3423.0,46
11-2015,6736.0,2770.0,46
12-2015,5868.0,2588.0,46
01-2016,5567.0,2297.0,46
02-2016,5556.0,2373.0,46
03-2016,5717.0,2550.0,46
04-2016,5956.0,3004.0,46
05-2016,6163.0,2983.0,46
06-2016,6441.0,3273.0,46
07-2016,9192.0,4901.0,46
08-2016,11062.0,6224.0,46
09-2016,7709.0,3651.0,46
10-2016,6737.0,3137.0,46
11-2016,7310.0,2870.0,46
12-2016,6739.0,2611.0,46
01-2014,7322.0,3456.0,47
02-2014,6524.0,3189.0,47
03-2014,7549.0,4030.0,47
04-2014,7626.0,3946.0,47
05-2014,8005.0,3788.0,47
06-2014,7303.0,3413.0,47
07-2014,9091.0,4589.0,47
08-2014,9235.0,5050.0,47
09-2014,8480.0,4106.0,47
10-2014,7306.0,3573.0,47
11-2014,6680.0,3135.0,47
12-2014,6963.0,3238.0,47
01-2015,7375.0,3492.0,47
02-2015,6012.0,2786.0,47
03-2015,6415.0,2916.0,47
04-2015,6360.0,2994.0,47
05-2015,6603.0,2827.0,47
06-2015,6653.0,3118.0,47
07-2015,8431.0,3830.0,47
08-2015,8255.0,3925.0,47
09-2015,6615.0,3223.0,47
10-2015,6640.0,3038.0,47
11-2015,7150.0,2862.0,47
12-2015,6384.0,2829.0,47
01-2016,5771.0,2546.0,47
02-2016,5802.0,2555.0,47
03-2016,5791.0,2681.0,47
04-2016,5432.0,2549.0,47
05-2016,5919.0,2511.0,47
06-2016,6319.0,2748.0,47
07-2016,7725.0,3445.0,47
08-2016,8354.0,3872.0,47
09-2016,7180.0,2750.0,47
10-2016,6570.0,2652.0,47
11-2016,7254.0,2735.0,47
12-2016,6998.0,2636.0,47
01-2014,1745.0,635.0,48
02-2014,1487.0,538.0,48
03-2014,1674.0,789.0,48
04-2014,1953.0,941.0,48
05-2014,2389.0,1043.0,48
06-2014,2405.0,1194.0,48
07-2014,4292.0,2435.0,48
08-2014,5102.0,3295.0,48
09-2014,3282.0,1674.0,48
10-2014,2372.0,1023.0,48
11-2014,1633.0,679.0,48
12-2014,1725.0,564.0,48
01-2015,1699.0,601.0,48
02-2015,1243.0,486.0,48
03-2015,1440.0,531.0,48
04-2015,1844.0,740.0,48
05-2015,2116.0,831.0,48
06-2015,2317.0,931.0,48
07-2015,3916.0,1967.0,48
08-2015,5286.0,2633.0,48
09-2015,2911.0,1184.0,48
10-2015,2319.0,953.0,48
11-2015,1833.0,614.0,48
12-2015,1491.0,486.0,48
01-2016,1315.0,354.0,48
02-2016,1316.0,378.0,48
03-2016,1351.0,431.0,48
04-2016,1461.0,700.0,48
05-2016,1499.0,734.0,48
06-2016,1949.0,933.0,48
07-2016,2827.0,1722.0,48
08-2016,3693.0,2380.0,48
09-2016,2518.0,1061.0,48
10-2016,2202.0,874.0,48
11-2016,1903.0,664.0,48
12-2016,1621.0,477.0,48
01-2014,14180.0,7072.0,49
02-2014,13123.0,6476.0,49
03-2014,15012.0,7870.0,49
04-2014,14118.0,7199.0,49
05-2014,13639.0,6733.0,49
06-2014,12756.0,6280.0,49
07-2014,14461.0,6931.0,49
08-2014,13168.0,7078.0,49
09-2014,13967.0,7353.0,49
10-2014,13493.0,6971.0,49
11-2014,12889.0,6449.0,49
12-2014,13379.0,7200.0,49
01-2015,14406.0,7973.0,49
02-2015,12207.0,6408.0,49
03-2015,13780.0,6568.0,49
04-2015,12836.0,6171.0,49
05-2015,12008.0,5685.0,49
06-2015,12717.0,6146.0,49
07-2015,12586.0,6082.0,49
08-2015,12115.0,5880.0,49
09-2015,12466.0,6003.0,49
10-2015,16528.0,6526.0,49
11-2015,15988.0,6402.0,49
12-2015,12414.0,6245.0,49
01-2016,11411.0,5761.0,49
02-2016,12019.0,5668.0,49
03-2016,11978.0,5703.0,49
04-2016,11410.0,5517.0,49
05-2016,10709.0,5348.0,49
06-2016,11617.0,5951.0,49
07-2016,11362.0,5498.0,49
08-2016,10622.0,5501.0,49
09-2016,11686.0,5546.0,49
10-2016,12822.0,5686.0,49
11-2016,13571.0,6065.0,49
12-2016,12246.0,5890.0,49
01-2014,11036.0,5213.0,50
02-2014,11071.0,5039.0,50
03-2014,11851.0,6215.0,50
04-2014,14446.0,7678.0,50
05-2014,14060.0,6493.0,50
06-2014,12977.0,6306.0,50
07-2014,21019.0,11627.0,50
08-2014,22811.0,13858.0,50
09-2014,15493.0,8112.0,50
10-2014,13758.0,6590.0,50
11-2014,11567.0,5518.0,50
12-2014,11892.0,5562.0,50
01-2015,12419.0,5751.0,50
02-2015,11043.0,5356.0,50
03-2015,12287.0,5520.0,50
04-2015,13750.0,6500.0,50
05-2015,12367.0,5882.0,50
06-2015,12215.0,6056.0,50
07-2015,19388.0,10664.0,50
08-2015,20631.0,11625.0,50
09-2015,14091.0,6743.0,50
10-2015,14399.0,6306.0,50
11-2015,12639.0,4874.0,50
12-2015,11146.0,5180.0,50
01-2016,10348.0,4293.0,50
02-2016,10695.0,4351.0,50
03-2016,11102.0,4805.0,50
04-2016,11835.0,5608.0,50
05-2016,11288.0,5017.0,50
06-2016,11940.0,5365.0,50
07-2016,17217.0,9134.0,50
08-2016,19760.0,11056.0,50
09-2016,13914.0,5961.0,50
10-2016,13214.0,5299.0,50
11-2016,13313.0,4912.0,50
12-2016,11625.0,4786.0,50
01-2014,9299.0,4158.0,51
02-2014,8350.0,3710.0,51
03-2014,9409.0,4804.0,51
04-2014,9824.0,4487.0,51
05-2014,9870.0,4269.0,51
06-2014,8851.0,3766.0,51
07-2014,9395.0,4113.0,51
08-2014,8177.0,3673.0,51
09-2014,9270.0,4579.0,51
10-2014,8774.0,4451.0,51
11-2014,7986.0,3874.0,51
12-2014,7524.0,3894.0,51
01-2015,8888.0,4686.0,51
02-2015,7221.0,3634.0,51
03-2015,7402.0,3576.0,51
04-2015,7827.0,3652.0,51
05-2015,7178.0,3181.0,51
06-2015,8462.0,3893.0,51
07-2015,7737.0,3371.0,51
08-2015,6227.0,2864.0,51
09-2015,7173.0,3552.0,51
10-2015,7816.0,3488.0,51
11-2015,8023.0,3635.0,51
12-2015,7055.0,3460.0,51
01-2016,6875.0,3147.0,51
02-2016,6623.0,3018.0,51
03-2016,6688.0,3225.0,51
04-2016,6197.0,2982.0,51
05-2016,6280.0,2951.0,51
06-2016,7004.0,3152.0,51
07-2016,6353.0,2769.0,51
08-2016,5344.0,2677.0,51
09-2016,7040.0,3189.0,51
10-2016,7781.0,3196.0,51
11-2016,8234.0,3383.0,51
12-2016,7205.0,3262.0,51
01-2014,3740.0,1006.0,52
02-2014,3171.0,880.0,52
03-2014,3030.0,1214.0,52
04-2014,2863.0,1237.0,52
05-2014,2920.0,1135.0,52
06-2014,2678.0,1068.0,52
07-2014,3505.0,1340.0,52
08-2014,3565.0,1505.0,52
09-2014,3739.0,1283.0,52
10-2014,3063.0,1201.0,52
11-2014,3138.0,1065.0,52
12-2014,2550.0,986.0,52
01-2015,2730.0,1133.0,52
02-2015,2158.0,897.0,52
03-2015,2332.0,1007.0,52
04-2015,2385.0,1041.0,52
05-2015,2045.0,942.0,52
06-2015,2281.0,1009.0,52
07-2015,2205.0,1144.0,52
08-2015,2243.0,1139.0,52
09-2015,2209.0,1038.0,52
10-2015,2445.0,1059.0,52
11-2015,2285.0,1008.0,52
12-2015,1982.0,971.0,52
01-2016,1871.0,859.0,52
02-2016,1896.0,853.0,52
03-2016,2027.0,961.0,52
04-2016,1863.0,938.0,52
05-2016,1911.0,1062.0,52
06-2016,2066.0,1081.0,52
07-2016,2204.0,1056.0,52
08-2016,2211.0,1194.0,52
09-2016,2337.0,1126.0,52
10-2016,2476.0,1077.0,52
11-2016,2604.0,1067.0,52
12-2016,2541.0,1029.0,52
01-2014,3841.0,1678.0,53
02-2014,3558.0,1439.0,53
03-2014,4384.0,1921.0,53
04-2014,4212.0,1924.0,53
05-2014,4103.0,1681.0,53
06-2014,3786.0,1575.0,53
07-2014,4228.0,1686.0,53
08-2014,4388.0,1952.0,53
09-2014,4227.0,1834.0,53
10-2014,4237.0,1715.0,53
11-2014,3602.0,1539.0,53
12-2014,3947.0,1597.0,53
01-2015,4541.0,1943.0,53
02-2015,3663.0,1662.0,53
03-2015,4267.0,1610.0,53
04-2015,3851.0,1537.0,53
05-2015,3621.0,1370.0,53
06-2015,3680.0,1451.0,53
07-2015,3354.0,1503.0,53
08-2015,4221.0,1738.0,53
09-2015,3547.0,1492.0,53
10-2015,4264.0,1564.0,53
11-2015,4340.0,1450.0,53
12-2015,3643.0,1504.0,53
01-2016,3391.0,1360.0,53
02-2016,3161.0,1364.0,53
03-2016,3302.0,1355.0,53
04-2016,2994.0,1333.0,53
05-2016,3142.0,1309.0,53
06-2016,3246.0,1429.0,53
07-2016,3353.0,1402.0,53
08-2016,3460.0,1642.0,53
09-2016,3466.0,1374.0,53
10-2016,3635.0,1506.0,53
11-2016,4130.0,1560.0,53
12-2016,3844.0,1449.0,53
01-2014,9948.0,4205.0,54
02-2014,8911.0,3772.0,54
03-2014,9929.0,4869.0,54
04-2014,9626.0,4331.0,54
05-2014,9770.0,3972.0,54
06-2014,9139.0,3793.0,54
07-2014,9923.0,3835.0,54
08-2014,8245.0,3561.0,54
09-2014,9594.0,4369.0,54
10-2014,9841.0,4326.0,54
11-2014,8876.0,3836.0,54
12-2014,9345.0,3939.0,54
01-2015,10160.0,5049.0,54
02-2015,8327.0,3921.0,54
03-2015,9111.0,3984.0,54
04-2015,8351.0,3799.0,54
05-2015,7786.0,3476.0,54
06-2015,8258.0,3842.0,54
07-2015,8216.0,3347.0,54
08-2015,6682.0,2842.0,54
09-2015,7882.0,3757.0,54
10-2015,9464.0,3821.0,54
11-2015,9967.0,4020.0,54
12-2015,8602.0,3924.0,54
01-2016,7705.0,3500.0,54
02-2016,7804.0,3362.0,54
03-2016,7892.0,3509.0,54
04-2016,6774.0,3217.0,54
05-2016,6275.0,3140.0,54
06-2016,6496.0,3417.0,54
07-2016,6176.0,2776.0,54
08-2016,5685.0,2873.0,54
09-2016,7198.0,3386.0,54
10-2016,7833.0,3316.0,54
11-2016,8315.0,3783.0,54
12-2016,7439.0,3547.0,54
01-2014,1933.0,604.0,55
02-2014,1800.0,570.0,55
03-2014,1837.0,699.0,55
04-2014,1695.0,739.0,55
05-2014,1831.0,692.0,55
06-2014,1682.0,611.0,55
07-2014,1880.0,740.0,55
08-2014,1587.0,739.0,55
09-2014,1840.0,671.0,55
10-2014,1718.0,620.0,55
11-2014,1590.0,570.0,55
12-2014,1492.0,578.0,55
01-2015,1839.0,711.0,55
02-2015,1445.0,580.0,55
03-2015,1610.0,564.0,55
04-2015,1560.0,543.0,55
05-2015,1512.0,547.0,55
06-2015,1472.0,546.0,55
07-2015,1528.0,581.0,55
08-2015,1425.0,567.0,55
09-2015,1367.0,513.0,55
10-2015,1347.0,522.0,55
11-2015,1303.0,482.0,55
12-2015,1248.0,514.0,55
01-2016,1186.0,475.0,55
02-2016,1216.0,458.0,55
03-2016,1225.0,406.0,55
04-2016,1106.0,473.0,55
05-2016,1106.0,495.0,55
06-2016,1271.0,518.0,55
07-2016,1282.0,563.0,55
08-2016,1211.0,544.0,55
09-2016,1299.0,441.0,55
10-2016,1376.0,480.0,55
11-2016,1491.0,473.0,55
12-2016,1366.0,429.0,55
01-2014,18894.0,9916.0,56
02-2014,18594.0,9618.0,56
03-2014,21286.0,12238.0,56
04-2014,29512.0,16992.0,56
05-2014,29098.0,14091.0,56
06-2014,23955.0,13483.0,56
07-2014,46816.0,29348.0,56
08-2014,49656.0,35427.0,56
09-2014,31257.0,17690.0,56
10-2014,25787.0,13770.0,56
11-2014,20776.0,10001.0,56
12-2014,21226.0,10317.0,56
01-2015,17487.0,9927.0,56
02-2015,19907.0,9532.0,56
03-2015,21172.0,9844.0,56
04-2015,29581.0,14243.0,56
05-2015,25387.0,12651.0,56
06-2015,24675.0,13130.0,56
07-2015,44951.0,26352.0,56
08-2015,46962.0,29199.0,56
09-2015,28489.0,14598.0,56
10-2015,26821.0,12615.0,56
11-2015,23292.0,9333.0,56
12-2015,20539.0,9539.0,56
01-2016,18352.0,8296.0,56
02-2016,23645.0,9089.0,56
03-2016,24893.0,9802.0,56
04-2016,31024.0,13073.0,56
05-2016,28346.0,11183.0,56
06-2016,26259.0,12261.0,56
07-2016,52138.0,23971.0,56
08-2016,61389.0,29317.0,56
09-2016,29096.0,13588.0,56
10-2016,27419.0,11667.0,56
11-2016,29580.0,10206.0,56
12-2016,32175.0,10159.0,56
01-2014,12161.0,5243.0,57
02-2014,11230.0,4698.0,57
03-2014,11935.0,5711.0,57
04-2014,11305.0,5317.0,57
05-2014,11963.0,5157.0,57
06-2014,10886.0,4663.0,57
07-2014,12226.0,4953.0,57
08-2014,11264.0,4926.0,57
09-2014,11922.0,5399.0,57
10-2014,11256.0,5241.0,57
11-2014,10665.0,4732.0,57
12-2014,10337.0,4915.0,57
01-2015,11985.0,5983.0,57
02-2015,9582.0,4637.0,57
03-2015,10334.0,4883.0,57
04-2015,10262.0,4547.0,57
05-2015,9580.0,4289.0,57
06-2015,10000.0,4525.0,57
07-2015,9940.0,4455.0,57
08-2015,8766.0,3997.0,57
09-2015,9471.0,4512.0,57
10-2015,10673.0,4739.0,57
11-2015,11517.0,4821.0,57
12-2015,10406.0,4770.0,57
01-2016,9486.0,4418.0,57
02-2016,9599.0,4322.0,57
03-2016,9906.0,4403.0,57
04-2016,9335.0,4074.0,57
05-2016,8691.0,3888.0,57
06-2016,9239.0,4177.0,57
07-2016,8930.0,3898.0,57
08-2016,8348.0,3795.0,57
09-2016,9581.0,4185.0,57
10-2016,10354.0,4445.0,57
11-2016,10670.0,4714.0,57
12-2016,9997.0,4536.0,57
01-2014,6129.0,2700.0,58
02-2014,5447.0,2394.0,58
03-2014,6123.0,3239.0,58
04-2014,6567.0,3405.0,58
05-2014,6456.0,3056.0,58
06-2014,5654.0,2882.0,58
07-2014,8645.0,4393.0,58
08-2014,8534.0,4872.0,58
09-2014,6471.0,3422.0,58
10-2014,6018.0,3069.0,58
11-2014,5771.0,2632.0,58
12-2014,5556.0,2681.0,58
01-2015,5969.0,2805.0,58
02-2015,4482.0,2429.0,58
03-2015,4506.0,2290.0,58
04-2015,5435.0,2708.0,58
05-2015,5287.0,2550.0,58
06-2015,5193.0,2533.0,58
07-2015,7263.0,3624.0,58
08-2015,7752.0,3961.0,58
09-2015,6041.0,2697.0,58
10-2015,5738.0,2680.0,58
11-2015,5678.0,2468.0,58
12-2015,4896.0,2449.0,58
01-2016,4304.0,2145.0,58
02-2016,4427.0,2070.0,58
03-2016,4560.0,2241.0,58
04-2016,4595.0,2302.0,58
05-2016,4767.0,2317.0,58
06-2016,4591.0,2387.0,58
07-2016,5893.0,3186.0,58
08-2016,6466.0,3822.0,58
09-2016,5050.0,2336.0,58
10-2016,5647.0,2522.0,58
11-2016,5970.0,2363.0,58
12-2016,5472.0,2205.0,58
01-2014,31176.0,14940.0,59
02-2014,28956.0,13717.0,59
03-2014,31349.0,17131.0,59
04-2014,30232.0,15407.0,59
05-2014,29699.0,14682.0,59
06-2014,27612.0,13451.0,59
07-2014,30631.0,13487.0,59
08-2014,27038.0,11812.0,59
09-2014,32037.0,15766.0,59
10-2014,31625.0,15041.0,59
11-2014,28048.0,14127.0,59
12-2014,28147.0,13976.0,59
01-2015,30840.0,16850.0,59
02-2015,25057.0,13684.0,59
03-2015,26428.0,13085.0,59
04-2015,26718.0,12997.0,59
05-2015,25293.0,11701.0,59
06-2015,26421.0,12962.0,59
07-2015,25856.0,11359.0,59
08-2015,22037.0,9943.0,59
09-2015,26668.0,13037.0,59
10-2015,28684.0,13379.0,59
11-2015,29801.0,13866.0,59
12-2015,27091.0,13446.0,59
01-2016,24352.0,11728.0,59
02-2016,25699.0,11854.0,59
03-2016,26050.0,12252.0,59
04-2016,22456.0,11232.0,59
05-2016,21750.0,10999.0,59
06-2016,22920.0,11907.0,59
07-2016,21604.0,10303.0,59
08-2016,19081.0,9638.0,59
09-2016,23946.0,11616.0,59
10-2016,24999.0,11965.0,59
11-2016,27479.0,13519.0,59
12-2016,25576.0,12356.0,59
01-2014,16360.0,8972.0,60
02-2014,14674.0,7966.0,60
03-2014,16657.0,9623.0,60
04-2014,15300.0,8634.0,60
05-2014,15327.0,8546.0,60
06-2014,14012.0,7747.0,60
07-2014,14590.0,8267.0,60
08-2014,13035.0,7541.0,60
09-2014,15624.0,8771.0,60
10-2014,14704.0,8475.0,60
11-2014,13855.0,7670.0,60
12-2014,14260.0,8013.0,60
01-2015,16715.0,9368.0,60
02-2015,13470.0,7564.0,60
03-2015,13203.0,7131.0,60
04-2015,13138.0,7267.0,60
05-2015,12986.0,7150.0,60
06-2015,13783.0,7357.0,60
07-2015,13128.0,7224.0,60
08-2015,12037.0,6330.0,60
09-2015,12998.0,7163.0,60
10-2015,15331.0,7592.0,60
11-2015,15976.0,7750.0,60
12-2015,14631.0,7099.0,60
01-2016,13988.0,6664.0,60
02-2016,14418.0,6453.0,60
03-2016,13890.0,6651.0,60
04-2016,12367.0,6362.0,60
05-2016,11398.0,6094.0,60
06-2016,11936.0,6498.0,60
07-2016,10662.0,5735.0,60
08-2016,9892.0,5516.0,60
09-2016,12283.0,6159.0,60
10-2016,13472.0,6385.0,60
11-2016,14683.0,6817.0,60
12-2016,12490.0,6352.0,60
01-2014,7978.0,3504.0,61
02-2014,7121.0,3220.0,61
03-2014,7633.0,4074.0,61
04-2014,8872.0,4589.0,61
05-2014,8540.0,4133.0,61
06-2014,7432.0,3655.0,61
07-2014,10642.0,5194.0,61
08-2014,10916.0,5868.0,61
09-2014,8093.0,4415.0,61
10-2014,8315.0,3872.0,61
11-2014,7213.0,3329.0,61
12-2014,7279.0,3480.0,61
01-2015,7690.0,3669.0,61
02-2015,6517.0,3159.0,61
03-2015,6693.0,2936.0,61
04-2015,8123.0,3676.0,61
05-2015,7554.0,3529.0,61
06-2015,7125.0,3424.0,61
07-2015,9385.0,4712.0,61
08-2015,9740.0,5021.0,61
09-2015,7904.0,3736.0,61
10-2015,7887.0,3648.0,61
11-2015,7612.0,3048.0,61
12-2015,6650.0,3238.0,61
01-2016,6196.0,2790.0,61
02-2016,6283.0,2823.0,61
03-2016,6272.0,2970.0,61
04-2016,5991.0,3024.0,61
05-2016,5961.0,3016.0,61
06-2016,6162.0,2950.0,61
07-2016,6917.0,3710.0,61
08-2016,8362.0,4706.0,61
09-2016,6432.0,3157.0,61
10-2016,6551.0,3194.0,61
11-2016,6621.0,2943.0,61
12-2016,6093.0,3078.0,61
01-2014,14018.0,6426.0,62
02-2014,12757.0,5868.0,62
03-2014,15270.0,7753.0,62
04-2014,16180.0,8332.0,62
05-2014,16495.0,7599.0,62
06-2014,14228.0,6775.0,62
07-2014,23794.0,11717.0,62
08-2014,24001.0,13084.0,62
09-2014,16767.0,7774.0,62
10-2014,15623.0,7459.0,62
11-2014,14069.0,6367.0,62
12-2014,13536.0,6537.0,62
01-2015,14454.0,6889.0,62
02-2015,11866.0,5879.0,62
03-2015,12696.0,5798.0,62
04-2015,15189.0,7172.0,62
05-2015,15213.0,6824.0,62
06-2015,13835.0,6342.0,62
07-2015,20347.0,10146.0,62
08-2015,20731.0,10759.0,62
09-2015,15105.0,6259.0,62
10-2015,16186.0,6792.0,62
11-2015,15947.0,6096.0,62
12-2015,13609.0,6290.0,62
01-2016,12485.0,5111.0,62
02-2016,12365.0,5309.0,62
03-2016,12714.0,5500.0,62
04-2016,12127.0,6145.0,62
05-2016,12540.0,5925.0,62
06-2016,12515.0,5727.0,62
07-2016,16079.0,8924.0,62
08-2016,17766.0,10381.0,62
09-2016,14299.0,5831.0,62
10-2016,14326.0,6137.0,62
11-2016,15328.0,6068.0,62
12-2016,13351.0,6018.0,62
01-2014,10777.0,5379.0,63
02-2014,10518.0,5015.0,63
03-2014,12038.0,6071.0,63
04-2014,11491.0,5637.0,63
05-2014,11070.0,5578.0,63
06-2014,10747.0,5342.0,63
07-2014,14603.0,7029.0,63
08-2014,13614.0,7294.0,63
09-2014,13631.0,6688.0,63
10-2014,11934.0,5885.0,63
11-2014,10166.0,4921.0,63
12-2014,11129.0,5398.0,63
01-2015,12523.0,6190.0,63
02-2015,10565.0,5178.0,63
03-2015,11494.0,5016.0,63
04-2015,10788.0,4997.0,63
05-2015,9936.0,4745.0,63
06-2015,11013.0,4977.0,63
07-2015,13354.0,6000.0,63
08-2015,12985.0,6125.0,63
09-2015,12612.0,5500.0,63
10-2015,13178.0,5431.0,63
11-2015,13098.0,5263.0,63
12-2015,11683.0,4886.0,63
01-2016,10949.0,4438.0,63
02-2016,11261.0,4537.0,63
03-2016,11164.0,4533.0,63
04-2016,9464.0,4470.0,63
05-2016,9552.0,4423.0,63
06-2016,10519.0,4832.0,63
07-2016,11229.0,5414.0,63
08-2016,10960.0,5862.0,63
09-2016,10453.0,4948.0,63
10-2016,10732.0,4912.0,63
11-2016,11094.0,4830.0,63
12-2016,10552.0,4534.0,63
01-2014,29200.0,16561.0,64
02-2014,26296.0,15031.0,64
03-2014,30512.0,17958.0,64
04-2014,32801.0,19363.0,64
05-2014,31997.0,17257.0,64
06-2014,28768.0,17185.0,64
07-2014,43563.0,27883.0,64
08-2014,46480.0,31633.0,64
09-2014,37831.0,23147.0,64
10-2014,31355.0,18170.0,64
11-2014,25858.0,14432.0,64
12-2014,27753.0,16303.0,64
01-2015,28342.0,16578.0,64
02-2015,24782.0,15154.0,64
03-2015,27112.0,14843.0,64
04-2015,28642.0,17030.0,64
05-2015,26870.0,15369.0,64
06-2015,28180.0,16371.0,64
07-2015,40454.0,24696.0,64
08-2015,42254.0,27076.0,64
09-2015,32472.0,19864.0,64
10-2015,30247.0,16645.0,64
11-2015,29129.0,13943.0,64
12-2015,27227.0,14522.0,64
01-2016,24460.0,13429.0,64
02-2016,25625.0,13432.0,64
03-2016,25837.0,13855.0,64
04-2016,27078.0,14682.0,64
05-2016,25392.0,13672.0,64
06-2016,27989.0,15200.0,64
07-2016,40313.0,21761.0,64
08-2016,44292.0,25788.0,64
09-2016,33357.0,17908.0,64
10-2016,29868.0,14988.0,64
11-2016,30203.0,13903.0,64
12-2016,28043.0,14225.0,64
01-2014,8758.0,3917.0,65
02-2014,7712.0,3942.0,65
03-2014,8865.0,4800.0,65
04-2014,8360.0,3990.0,65
05-2014,8445.0,3983.0,65
06-2014,7634.0,3878.0,65
07-2014,10660.0,5408.0,65
08-2014,11321.0,6356.0,65
09-2014,9261.0,4785.0,65
10-2014,9150.0,4502.0,65
11-2014,6961.0,3048.0,65
12-2014,7181.0,3711.0,65
01-2015,8139.0,3925.0,65
02-2015,7911.0,4121.0,65
03-2015,8201.0,3561.0,65
04-2015,7933.0,3564.0,65
05-2015,7857.0,3413.0,65
06-2015,7825.0,3679.0,65
07-2015,9395.0,4713.0,65
08-2015,9798.0,5052.0,65
09-2015,8436.0,3938.0,65
10-2015,7806.0,3439.0,65
11-2015,7068.0,3017.0,65
12-2015,7056.0,3174.0,65
01-2016,6754.0,2859.0,65
02-2016,7843.0,3396.0,65
03-2016,7205.0,3006.0,65
04-2016,6260.0,2922.0,65
05-2016,6193.0,2854.0,65
06-2016,6728.0,3245.0,65
07-2016,8715.0,4102.0,65
08-2016,9303.0,4805.0,65
09-2016,7784.0,3511.0,65
10-2016,7582.0,3398.0,65
11-2016,7566.0,2818.0,65
12-2016,7363.0,2961.0,65
01-2014,13129.0,7037.0,66
02-2014,12643.0,6483.0,66
03-2014,15359.0,8456.0,66
04-2014,15773.0,8532.0,66
05-2014,15552.0,8220.0,66
06-2014,15866.0,8438.0,66
07-2014,25376.0,13472.0,66
08-2014,25555.0,14751.0,66
09-2014,21291.0,11247.0,66
10-2014,16382.0,8303.0,66
11-2014,13875.0,6371.0,66
12-2014,13883.0,6461.0,66
01-2015,13962.0,7189.0,66
02-2015,12424.0,6779.0,66
03-2015,13527.0,6766.0,66
04-2015,14343.0,7169.0,66
05-2015,13952.0,6724.0,66
06-2015,15172.0,8294.0,66
07-2015,22015.0,11286.0,66
08-2015,22787.0,11936.0,66
09-2015,19131.0,9142.0,66
10-2015,16284.0,7057.0,66
11-2015,14724.0,6002.0,66
12-2015,12146.0,5838.0,66
01-2016,11485.0,5379.0,66
02-2016,12487.0,5569.0,66
03-2016,12782.0,5815.0,66
04-2016,12086.0,5910.0,66
05-2016,12378.0,6007.0,66
06-2016,14045.0,7513.0,66
07-2016,19086.0,9730.0,66
08-2016,20277.0,10459.0,66
09-2016,16736.0,8020.0,66
10-2016,14426.0,6485.0,66
11-2016,13970.0,5951.0,66
12-2016,12158.0,5441.0,66
01-2014,18248.0,9035.0,67
02-2014,16535.0,7824.0,67
03-2014,18415.0,9527.0,67
04-2014,17809.0,8907.0,67
05-2014,17736.0,8512.0,67
06-2014,16758.0,7895.0,67
07-2014,18297.0,8663.0,67
08-2014,16949.0,7996.0,67
09-2014,17997.0,9058.0,67
10-2014,17127.0,8624.0,67
11-2014,16590.0,7909.0,67
12-2014,16098.0,8216.0,67
01-2015,18349.0,9793.0,67
02-2015,15220.0,7727.0,67
03-2015,16664.0,7768.0,67
04-2015,15888.0,7551.0,67
05-2015,14724.0,7162.0,67
06-2015,15651.0,7864.0,67
07-2015,15412.0,7560.0,67
08-2015,14502.0,6581.0,67
09-2015,15541.0,7922.0,67
10-2015,16185.0,8103.0,67
11-2015,16606.0,8068.0,67
12-2015,15146.0,8193.0,67
01-2016,14130.0,7149.0,67
02-2016,14221.0,7062.0,67
03-2016,14214.0,7338.0,67
04-2016,13326.0,6967.0,67
05-2016,12693.0,6734.0,67
06-2016,13464.0,7257.0,67
07-2016,12625.0,6515.0,67
08-2016,11898.0,6353.0,67
09-2016,14601.0,7201.0,67
10-2016,15926.0,7445.0,67
11-2016,16170.0,7622.0,67
12-2016,14846.0,7626.0,67
01-2014,10557.0,4794.0,68
02-2014,9701.0,4192.0,68
03-2014,10552.0,5191.0,68
04-2014,9761.0,4594.0,68
05-2014,9623.0,4620.0,68
06-2014,8867.0,4169.0,68
07-2014,9894.0,4803.0,68
08-2014,9242.0,4975.0,68
09-2014,10430.0,5058.0,68
10-2014,9549.0,4790.0,68
11-2014,8482.0,4383.0,68
12-2014,8791.0,4638.0,68
01-2015,9963.0,5354.0,68
02-2015,8444.0,4414.0,68
03-2015,8854.0,4549.0,68
04-2015,8609.0,4376.0,68
05-2015,8264.0,4131.0,68
06-2015,8990.0,4468.0,68
07-2015,8835.0,4371.0,68
08-2015,7975.0,4136.0,68
09-2015,8552.0,4309.0,68
10-2015,10059.0,4466.0,68
11-2015,9762.0,4175.0,68
12-2015,9522.0,4572.0,68
01-2016,8753.0,3789.0,68
02-2016,8478.0,3766.0,68
03-2016,8293.0,3833.0,68
04-2016,7289.0,3660.0,68
05-2016,7321.0,3533.0,68
06-2016,7618.0,3782.0,68
07-2016,7560.0,3774.0,68
08-2016,7504.0,3867.0,68
09-2016,8436.0,3647.0,68
10-2016,9379.0,3932.0,68
11-2016,9701.0,4019.0,68
12-2016,8906.0,4262.0,68
01-2014,64213.0,41115.0,69
02-2014,60504.0,37871.0,69
03-2014,66939.0,42909.0,69
04-2014,67362.0,41017.0,69
05-2014,64393.0,37660.0,69
06-2014,59086.0,35354.0,69
07-2014,61547.0,34107.0,69
08-2014,49825.0,28098.0,69
09-2014,66047.0,40445.0,69
10-2014,63655.0,37980.0,69
11-2014,57770.0,36632.0,69
12-2014,62864.0,39228.0,69
01-2015,70535.0,43965.0,69
02-2015,56298.0,35320.0,69
03-2015,61768.0,36990.0,69
04-2015,57004.0,33140.0,69
05-2015,52165.0,31043.0,69
06-2015,57202.0,33624.0,69
07-2015,54434.0,28573.0,69
08-2015,45660.0,23484.0,69
09-2015,55856.0,33021.0,69
10-2015,61506.0,34653.0,69
11-2015,63309.0,35485.0,69
12-2015,60471.0,34711.0,69
01-2016,55187.0,32445.0,69
02-2016,55631.0,31314.0,69
03-2016,56328.0,32345.0,69
04-2016,51887.0,29248.0,69
05-2016,45669.0,28386.0,69
06-2016,48785.0,29574.0,69
07-2016,45467.0,24530.0,69
08-2016,35528.0,21054.0,69
09-2016,50035.0,28901.0,69
10-2016,54903.0,30124.0,69
11-2016,58265.0,33963.0,69
12-2016,53830.0,31580.0,69
01-2014,2387.0,890.0,70
02-2014,2058.0,809.0,70
03-2014,2346.0,1055.0,70
04-2014,2233.0,1058.0,70
05-2014,2406.0,982.0,70
06-2014,2217.0,967.0,70
07-2014,2691.0,1163.0,70
08-2014,2857.0,1354.0,70
09-2014,2489.0,1031.0,70
10-2014,2119.0,947.0,70
11-2014,2007.0,837.0,70
12-2014,2093.0,849.0,70
01-2015,2336.0,984.0,70
02-2015,1992.0,787.0,70
03-2015,1987.0,855.0,70
04-2015,1974.0,835.0,70
05-2015,1843.0,790.0,70
06-2015,2020.0,920.0,70
07-2015,2370.0,1092.0,70
08-2015,2561.0,1221.0,70
09-2015,2533.0,987.0,70
10-2015,2271.0,929.0,70
11-2015,2377.0,896.0,70
12-2015,1928.0,833.0,70
01-2016,1840.0,776.0,70
02-2016,1880.0,727.0,70
03-2016,1808.0,750.0,70
04-2016,1742.0,711.0,70
05-2016,1894.0,743.0,70
06-2016,2034.0,804.0,70
07-2016,2174.0,971.0,70
08-2016,2396.0,1102.0,70
09-2016,2167.0,854.0,70
10-2016,2188.0,823.0,70
11-2016,2316.0,861.0,70
12-2016,2188.0,769.0,70
01-2014,11699.0,5200.0,71
02-2014,10071.0,4708.0,71
03-2014,12135.0,6112.0,71
04-2014,12073.0,6261.0,71
05-2014,12467.0,6170.0,71
06-2014,10955.0,5671.0,71
07-2014,15927.0,8267.0,71
08-2014,17476.0,9189.0,71
09-2014,15110.0,6956.0,71
10-2014,13104.0,6197.0,71
11-2014,11454.0,5134.0,71
12-2014,12254.0,5341.0,71
01-2015,13201.0,5743.0,71
02-2015,10299.0,5089.0,71
03-2015,10833.0,5078.0,71
04-2015,11310.0,5458.0,71
05-2015,10679.0,5191.0,71
06-2015,11567.0,5278.0,71
07-2015,13757.0,6957.0,71
08-2015,15336.0,7803.0,71
09-2015,14162.0,6042.0,71
10-2015,13906.0,5672.0,71
11-2015,13286.0,5065.0,71
12-2015,10784.0,4976.0,71
01-2016,10199.0,4245.0,71
02-2016,10032.0,4337.0,71
03-2016,10347.0,4675.0,71
04-2016,10251.0,4847.0,71
05-2016,10227.0,4938.0,71
06-2016,10746.0,5131.0,71
07-2016,12495.0,6392.0,71
08-2016,13430.0,7243.0,71
09-2016,11894.0,5303.0,71
10-2016,12618.0,5401.0,71
11-2016,12802.0,5247.0,71
12-2016,11199.0,4948.0,71
01-2014,9930.0,4880.0,72
02-2014,9263.0,4500.0,72
03-2014,10350.0,5295.0,72
04-2014,9788.0,5448.0,72
05-2014,9652.0,4981.0,72
06-2014,9290.0,4706.0,72
07-2014,10486.0,5549.0,72
08-2014,9590.0,5438.0,72
09-2014,10320.0,5586.0,72
10-2014,10072.0,5128.0,72
11-2014,9447.0,4667.0,72
12-2014,9923.0,5212.0,72
01-2015,10417.0,5480.0,72
02-2015,8670.0,4589.0,72
03-2015,9690.0,4452.0,72
04-2015,8964.0,4480.0,72
05-2015,8676.0,4321.0,72
06-2015,9248.0,4523.0,72
07-2015,9379.0,4724.0,72
08-2015,9134.0,4689.0,72
09-2015,9371.0,4536.0,72
10-2015,11203.0,4671.0,72
11-2015,10748.0,4311.0,72
12-2015,8846.0,4325.0,72
01-2016,7811.0,3891.0,72
02-2016,8158.0,3742.0,72
03-2016,7976.0,3945.0,72
04-2016,7461.0,3819.0,72
05-2016,7822.0,3840.0,72
06-2016,8496.0,4203.0,72
07-2016,8391.0,4155.0,72
08-2016,8095.0,4314.0,72
09-2016,8996.0,4008.0,72
10-2016,9276.0,3980.0,72
11-2016,10036.0,4247.0,72
12-2016,9313.0,4110.0,72
01-2014,30523.0,16666.0,73
02-2014,35502.0,19774.0,73
03-2014,40625.0,23787.0,73
04-2014,23825.0,12794.0,73
05-2014,13951.0,6844.0,73
06-2014,11901.0,6362.0,73
07-2014,25266.0,14114.0,73
08-2014,29041.0,17088.0,73
09-2014,15053.0,8041.0,73
10-2014,12699.0,6502.0,73
11-2014,10555.0,5221.0,73
12-2014,24331.0,13285.0,73
01-2015,32010.0,15627.0,73
02-2015,33189.0,20087.0,73
03-2015,34537.0,17753.0,73
04-2015,20594.0,10258.0,73
05-2015,10485.0,5481.0,73
06-2015,11187.0,6185.0,73
07-2015,21901.0,12034.0,73
08-2015,25223.0,13768.0,73
09-2015,13386.0,6519.0,73
10-2015,11360.0,5842.0,73
11-2015,11129.0,4870.0,73
12-2015,20488.0,11878.0,73
01-2016,24393.0,12218.0,73
02-2016,32421.0,16690.0,73
03-2016,31367.0,17441.0,73
04-2016,17321.0,8648.0,73
05-2016,9615.0,4770.0,73
06-2016,10253.0,5269.0,73
07-2016,17617.0,10015.0,73
08-2016,21365.0,12410.0,73
09-2016,11856.0,5539.0,73
10-2016,11541.0,5257.0,73
11-2016,10868.0,4821.0,73
12-2016,22374.0,11907.0,73
01-2014,33737.0,19565.0,74
02-2014,36497.0,21942.0,74
03-2014,43780.0,25174.0,74
04-2014,30094.0,15866.0,74
05-2014,24301.0,12688.0,74
06-2014,23187.0,13287.0,74
07-2014,45058.0,26562.0,74
08-2014,57221.0,34271.0,74
09-2014,30879.0,16353.0,74
10-2014,24651.0,13132.0,74
11-2014,21741.0,10905.0,74
12-2014,33223.0,18182.0,74
01-2015,36546.0,19893.0,74
02-2015,35729.0,22779.0,74
03-2015,35395.0,18753.0,74
04-2015,25040.0,12843.0,74
05-2015,19902.0,10634.0,74
06-2015,21807.0,12423.0,74
07-2015,40499.0,23758.0,74
08-2015,48905.0,28887.0,74
09-2015,26793.0,13477.0,74
10-2015,27407.0,12381.0,74
11-2015,24420.0,10664.0,74
12-2015,30671.0,16056.0,74
01-2016,29292.0,15261.0,74
02-2016,37440.0,19954.0,74
03-2016,33311.0,17856.0,74
04-2016,22494.0,11622.0,74
05-2016,18097.0,9747.0,74
06-2016,20883.0,11667.0,74
07-2016,35182.0,20489.0,74
08-2016,47036.0,27129.0,74
09-2016,25264.0,12076.0,74
10-2016,23335.0,11282.0,74
11-2016,23793.0,10608.0,74
12-2016,30601.0,15874.0,74
01-2014,431071.0,317808.0,75
02-2014,386863.0,279955.0,75
03-2014,434406.0,331206.0,75
04-2014,393620.0,293945.0,75
05-2014,394988.0,285031.0,75
06-2014,358388.0,270461.0,75
07-2014,323874.0,233915.0,75
08-2014,234286.0,163312.0,75
09-2014,380204.0,289690.0,75
10-2014,380696.0,286842.0,75
11-2014,360737.0,272864.0,75
12-2014,353219.0,261630.0,75
01-2015,379351.0,276434.0,75
02-2015,297461.0,221862.0,75
03-2015,322400.0,224220.0,75
04-2015,297550.0,214917.0,75
05-2015,278628.0,202368.0,75
06-2015,303852.0,220611.0,75
07-2015,227501.0,157508.0,75
08-2015,159240.0,108056.0,75
09-2015,290946.0,211588.0,75
10-2015,339977.0,220991.0,75
11-2015,359879.0,227627.0,75
12-2015,332797.0,211036.0,75
01-2016,341809.0,231459.0,75
02-2016,331927.0,229061.0,75
03-2016,328175.0,229776.0,75
04-2016,283948.0,204093.0,75
05-2016,288492.0,201342.0,75
06-2016,310152.0,219289.0,75
07-2016,253533.0,162076.0,75
08-2016,188762.0,124672.0,75
09-2016,296648.0,206967.0,75
10-2016,316372.0,215184.0,75
11-2016,365574.0,239075.0,75
12-2016,321311.0,217456.0,75
01-2014,28041.0,13814.0,76
02-2014,26242.0,12271.0,76
03-2014,28487.0,15336.0,76
04-2014,29187.0,15114.0,76
05-2014,28361.0,13804.0,76
06-2014,24578.0,12528.0,76
07-2014,29812.0,14929.0,76
08-2014,28237.0,15321.0,76
09-2014,26793.0,14547.0,76
10-2014,27435.0,13721.0,76
11-2014,25372.0,12474.0,76
12-2014,25593.0,13093.0,76
01-2015,27992.0,14422.0,76
02-2015,23103.0,12201.0,76
03-2015,22805.0,11306.0,76
04-2015,24848.0,12566.0,76
05-2015,23723.0,11707.0,76
06-2015,24944.0,12488.0,76
07-2015,26960.0,13753.0,76
08-2015,25945.0,13412.0,76
09-2015,24494.0,12286.0,76
10-2015,25659.0,12607.0,76
11-2015,25749.0,12403.0,76
12-2015,24217.0,12132.0,76
01-2016,22907.0,10479.0,76
02-2016,22635.0,10064.0,76
03-2016,23091.0,10597.0,76
04-2016,20793.0,10527.0,76
05-2016,19248.0,10062.0,76
06-2016,20002.0,10755.0,76
07-2016,21707.0,11521.0,76
08-2016,21660.0,12299.0,76
09-2016,21773.0,10727.0,76
10-2016,21674.0,10794.0,76
11-2016,23941.0,11451.0,76
12-2016,22152.0,11131.0,76
01-2014,33022.0,17808.0,77
02-2014,29979.0,15675.0,77
03-2014,33585.0,19328.0,77
04-2014,31857.0,16770.0,77
05-2014,31867.0,16346.0,77
06-2014,29442.0,15566.0,77
07-2014,29749.0,15569.0,77
08-2014,25671.0,14276.0,77
09-2014,29319.0,16551.0,77
10-2014,28456.0,16054.0,77
11-2014,27669.0,15541.0,77
12-2014,28772.0,15879.0,77
01-2015,33127.0,18579.0,77
02-2015,26355.0,15131.0,77
03-2015,29351.0,15767.0,77
04-2015,28652.0,14511.0,77
05-2015,26520.0,14002.0,77
06-2015,27571.0,14442.0,77
07-2015,26921.0,14128.0,77
08-2015,23040.0,12141.0,77
09-2015,26538.0,13933.0,77
10-2015,29492.0,14496.0,77
11-2015,31308.0,14775.0,77
12-2015,28811.0,14657.0,77
01-2016,27337.0,13797.0,77
02-2016,27154.0,12819.0,77
03-2016,25847.0,12698.0,77
04-2016,22625.0,12005.0,77
05-2016,21713.0,11548.0,77
06-2016,23922.0,12138.0,77
07-2016,20872.0,11264.0,77
08-2016,17812.0,10747.0,77
09-2016,24512.0,11904.0,77
10-2016,26415.0,12164.0,77
11-2016,27960.0,13313.0,77
12-2016,25498.0,13081.0,77
01-2014,84854.0,58181.0,78
02-2014,73825.0,50396.0,78
03-2014,87947.0,60929.0,78
04-2014,78011.0,51012.0,78
05-2014,78059.0,51884.0,78
06-2014,70862.0,47233.0,78
07-2014,62230.0,40751.0,78
08-2014,49531.0,33973.0,78
09-2014,74441.0,50577.0,78
10-2014,72588.0,50596.0,78
11-2014,70581.0,50072.0,78
12-2014,72924.0,50400.0,78
01-2015,84920.0,58693.0,78
02-2015,68372.0,47019.0,78
03-2015,74903.0,50770.0,78
04-2015,69464.0,45837.0,78
05-2015,66155.0,44056.0,78
06-2015,71562.0,46300.0,78
07-2015,55769.0,36003.0,78
08-2015,46189.0,29401.0,78
09-2015,66136.0,43733.0,78
10-2015,73613.0,45569.0,78
11-2015,84289.0,48408.0,78
12-2015,81910.0,48120.0,78
01-2016,78521.0,44907.0,78
02-2016,76195.0,42731.0,78
03-2016,72329.0,42016.0,78
04-2016,62803.0,38505.0,78
05-2016,61372.0,37276.0,78
06-2016,66670.0,39898.0,78
07-2016,50803.0,29515.0,78
08-2016,43871.0,26587.0,78
09-2016,59012.0,37100.0,78
10-2016,66121.0,39214.0,78
11-2016,73048.0,44112.0,78
12-2016,69129.0,42398.0,78
01-2014,4060.0,1719.0,79
02-2014,3506.0,1431.0,79
03-2014,4379.0,1969.0,79
04-2014,4209.0,1984.0,79
05-2014,4180.0,1834.0,79
06-2014,3959.0,1677.0,79
07-2014,4877.0,2061.0,79
08-2014,4390.0,2356.0,79
09-2014,4619.0,2081.0,79
10-2014,4563.0,1867.0,79
11-2014,4050.0,1611.0,79
12-2014,4178.0,1700.0,79
01-2015,4674.0,1926.0,79
02-2015,3853.0,1658.0,79
03-2015,3847.0,1540.0,79
04-2015,3781.0,1567.0,79
05-2015,3575.0,1450.0,79
06-2015,3570.0,1546.0,79
07-2015,4153.0,1786.0,79
08-2015,4336.0,1867.0,79
09-2015,4174.0,1670.0,79
10-2015,4973.0,1700.0,79
11-2015,4671.0,1552.0,79
12-2015,3703.0,1525.0,79
01-2016,3554.0,1254.0,79
02-2016,3386.0,1264.0,79
03-2016,3455.0,1317.0,79
04-2016,3482.0,1381.0,79
05-2016,3369.0,1379.0,79
06-2016,3524.0,1495.0,79
07-2016,3619.0,1586.0,79
08-2016,3685.0,1828.0,79
09-2016,3825.0,1536.0,79
10-2016,3728.0,1398.0,79
11-2016,4007.0,1427.0,79
12-2016,3733.0,1415.0,79
01-2014,7581.0,3497.0,80
02-2014,7192.0,3228.0,80
03-2014,8664.0,4192.0,80
04-2014,8345.0,3939.0,80
05-2014,8487.0,3779.0,80
06-2014,7479.0,3484.0,80
07-2014,9715.0,4353.0,80
08-2014,9087.0,4449.0,80
09-2014,9112.0,4159.0,80
10-2014,8366.0,3722.0,80
11-2014,7432.0,3120.0,80
12-2014,7198.0,3374.0,80
01-2015,7786.0,3891.0,80
02-2015,7338.0,3269.0,80
03-2015,7165.0,3133.0,80
04-2015,8137.0,3612.0,80
05-2015,8132.0,3304.0,80
06-2015,8082.0,3452.0,80
07-2015,8582.0,3935.0,80
08-2015,8066.0,3679.0,80
09-2015,7516.0,3326.0,80
10-2015,7457.0,3364.0,80
11-2015,7640.0,3175.0,80
12-2015,7083.0,3193.0,80
01-2016,6668.0,2769.0,80
02-2016,6419.0,2571.0,80
03-2016,6923.0,2857.0,80
04-2016,6555.0,2900.0,80
05-2016,6453.0,2766.0,80
06-2016,6509.0,2987.0,80
07-2016,6924.0,3411.0,80
08-2016,7285.0,3730.0,80
09-2016,6855.0,2945.0,80
10-2016,7250.0,2976.0,80
11-2016,7535.0,3077.0,80
12-2016,6934.0,3010.0,80
01-2014,9188.0,5022.0,81
02-2014,8514.0,4455.0,81
03-2014,9741.0,5595.0,81
04-2014,9544.0,5258.0,81
05-2014,9419.0,5002.0,81
06-2014,8833.0,4569.0,81
07-2014,10394.0,5602.0,81
08-2014,10188.0,5842.0,81
09-2014,9979.0,5424.0,81
10-2014,9674.0,4999.0,81
11-2014,8546.0,4511.0,81
12-2014,8406.0,4759.0,81
01-2015,9805.0,5430.0,81
02-2015,7629.0,4468.0,81
03-2015,8466.0,4656.0,81
04-2015,8843.0,4568.0,81
05-2015,8021.0,4206.0,81
06-2015,8744.0,4539.0,81
07-2015,9853.0,5095.0,81
08-2015,9516.0,5127.0,81
09-2015,9191.0,4650.0,81
10-2015,9114.0,4495.0,81
11-2015,9339.0,4488.0,81
12-2015,7723.0,4190.0,81
01-2016,7016.0,3718.0,81
02-2016,6989.0,3685.0,81
03-2016,7306.0,3750.0,81
04-2016,7877.0,3639.0,81
05-2016,7830.0,3650.0,81
06-2016,8170.0,3941.0,81
07-2016,9125.0,4366.0,81
08-2016,9704.0,4636.0,81
09-2016,9809.0,3876.0,81
10-2016,9855.0,3809.0,81
11-2016,10366.0,4229.0,81
12-2016,9329.0,3928.0,81
01-2014,5704.0,2571.0,82
02-2014,4987.0,2303.0,82
03-2014,5336.0,3022.0,82
04-2014,5847.0,2843.0,82
05-2014,6203.0,2732.0,82
06-2014,4739.0,2436.0,82
07-2014,6320.0,3142.0,82
08-2014,6304.0,3375.0,82
09-2014,6114.0,2931.0,82
10-2014,6046.0,2769.0,82
11-2014,5660.0,2432.0,82
12-2014,5674.0,2501.0,82
01-2015,5958.0,2766.0,82
02-2015,4585.0,2424.0,82
03-2015,5385.0,2405.0,82
04-2015,4930.0,2489.0,82
05-2015,4715.0,2232.0,82
06-2015,4942.0,2538.0,82
07-2015,6165.0,2944.0,82
08-2015,6097.0,2984.0,82
09-2015,5660.0,2562.0,82
10-2015,5490.0,2454.0,82
11-2015,5509.0,2408.0,82
12-2015,4423.0,2224.0,82
01-2016,3703.0,1830.0,82
02-2016,4053.0,1957.0,82
03-2016,4226.0,2061.0,82
04-2016,4411.0,1976.0,82
05-2016,4348.0,1963.0,82
06-2016,4596.0,2225.0,82
07-2016,5533.0,2668.0,82
08-2016,6108.0,2869.0,82
09-2016,5283.0,2199.0,82
10-2016,5227.0,2141.0,82
11-2016,5640.0,2212.0,82
12-2016,5209.0,2049.0,82
01-2014,47645.0,29590.0,83
02-2014,44842.0,27268.0,83
03-2014,54866.0,36144.0,83
04-2014,62135.0,39767.0,83
05-2014,70185.0,41832.0,83
06-2014,71572.0,47512.0,83
07-2014,105034.0,75734.0,83
08-2014,106478.0,80735.0,83
09-2014,89742.0,58189.0,83
10-2014,62568.0,37693.0,83
11-2014,48286.0,27274.0,83
12-2014,46959.0,27335.0,83
01-2015,50226.0,29457.0,83
02-2015,43094.0,27782.0,83
03-2015,47289.0,28292.0,83
04-2015,58151.0,35196.0,83
05-2015,62477.0,36298.0,83
06-2015,72971.0,45437.0,83
07-2015,99215.0,67257.0,83
08-2015,101707.0,69674.0,83
09-2015,81135.0,49377.0,83
10-2015,63860.0,33556.0,83
11-2015,54489.0,25693.0,83
12-2015,46837.0,25363.0,83
01-2016,42458.0,23619.0,83
02-2016,45044.0,24274.0,83
03-2016,47747.0,26194.0,83
04-2016,51762.0,29511.0,83
05-2016,55612.0,32256.0,83
06-2016,62452.0,41402.0,83
07-2016,90249.0,57664.0,83
08-2016,94479.0,63833.0,83
09-2016,72277.0,43706.0,83
10-2016,59691.0,30279.0,83
11-2016,53590.0,25605.0,83
12-2016,46811.0,23467.0,83
01-2014,20530.0,10758.0,84
02-2014,17279.0,9682.0,84
03-2014,20399.0,12531.0,84
04-2014,21696.0,13444.0,84
05-2014,22753.0,12985.0,84
06-2014,22898.0,13517.0,84
07-2014,36300.0,20691.0,84
08-2014,35889.0,21942.0,84
09-2014,27516.0,15099.0,84
10-2014,21877.0,11700.0,84
11-2014,18805.0,10052.0,84
12-2014,19471.0,10804.0,84
01-2015,20938.0,11118.0,84
02-2015,16528.0,9058.0,84
03-2015,17829.0,9910.0,84
04-2015,19999.0,11448.0,84
05-2015,20809.0,11297.0,84
06-2015,23051.0,12444.0,84
07-2015,34365.0,18001.0,84
08-2015,34626.0,18065.0,84
09-2015,25408.0,12489.0,84
10-2015,22455.0,10891.0,84
11-2015,21135.0,9553.0,84
12-2015,19184.0,9608.0,84
01-2016,18369.0,8349.0,84
02-2016,18132.0,8237.0,84
03-2016,18574.0,9091.0,84
04-2016,17942.0,9369.0,84
05-2016,18004.0,9802.0,84
06-2016,19724.0,11395.0,84
07-2016,25499.0,15576.0,84
08-2016,26814.0,16891.0,84
09-2016,22687.0,11106.0,84
10-2016,21087.0,9631.0,84
11-2016,21074.0,9479.0,84
12-2016,18554.0,9064.0,84
01-2014,11649.0,6135.0,85
02-2014,11811.0,5810.0,85
03-2014,13961.0,7780.0,85
04-2014,21198.0,11464.0,85
05-2014,19641.0,9531.0,85
06-2014,18540.0,9950.0,85
07-2014,38788.0,23317.0,85
08-2014,41006.0,27990.0,85
09-2014,23359.0,13115.0,85
10-2014,18200.0,8976.0,85
11-2014,12586.0,6178.0,85
12-2014,12941.0,6291.0,85
01-2015,13095.0,6506.0,85
02-2015,12376.0,6207.0,85
03-2015,13414.0,6397.0,85
04-2015,19616.0,9846.0,85
05-2015,17691.0,8955.0,85
06-2015,18485.0,9870.0,85
07-2015,35321.0,20583.0,85
08-2015,38387.0,23491.0,85
09-2015,21310.0,10530.0,85
10-2015,18078.0,8277.0,85
11-2015,15681.0,5971.0,85
12-2015,12114.0,5740.0,85
01-2016,11475.0,4852.0,85
02-2016,12479.0,5258.0,85
03-2016,12924.0,5817.0,85
04-2016,15781.0,8038.0,85
05-2016,16269.0,7494.0,85
06-2016,17684.0,8771.0,85
07-2016,29721.0,18068.0,85
08-2016,35644.0,22229.0,85
09-2016,20813.0,9541.0,85
10-2016,17925.0,7661.0,85
11-2016,17403.0,6498.0,85
12-2016,14067.0,5607.0,85
01-2014,7250.0,4228.0,86
02-2014,7089.0,3959.0,86
03-2014,8008.0,4857.0,86
04-2014,8265.0,4825.0,86
05-2014,7903.0,4363.0,86
06-2014,7654.0,4221.0,86
07-2014,9393.0,4919.0,86
08-2014,8425.0,5175.0,86
09-2014,8535.0,4827.0,86
10-2014,9116.0,4632.0,86
11-2014,7281.0,3997.0,86
12-2014,7821.0,4212.0,86
01-2015,8327.0,4629.0,86
02-2015,6920.0,3845.0,86
03-2015,7070.0,4024.0,86
04-2015,8037.0,4009.0,86
05-2015,7316.0,3663.0,86
06-2015,7440.0,4066.0,86
07-2015,8283.0,4473.0,86
08-2015,9091.0,4547.0,86
09-2015,8163.0,4266.0,86
10-2015,9110.0,4358.0,86
11-2015,8700.0,4055.0,86
12-2015,7518.0,3990.0,86
01-2016,6926.0,3570.0,86
02-2016,7171.0,3668.0,86
03-2016,7186.0,3703.0,86
04-2016,7482.0,3710.0,86
05-2016,7177.0,3386.0,86
06-2016,7498.0,3604.0,86
07-2016,7608.0,3942.0,86
08-2016,7806.0,4096.0,86
09-2016,8503.0,3629.0,86
10-2016,8439.0,3761.0,86
11-2016,9085.0,3951.0,86
12-2016,8169.0,3712.0,86
01-2014,9949.0,5413.0,87
02-2014,9182.0,4872.0,87
03-2014,10415.0,6179.0,87
04-2014,10586.0,5835.0,87
05-2014,9961.0,5414.0,87
06-2014,9366.0,5088.0,87
07-2014,12861.0,6577.0,87
08-2014,11511.0,6831.0,87
09-2014,10334.0,5891.0,87
10-2014,10969.0,5738.0,87
11-2014,10003.0,4941.0,87
12-2014,9714.0,5260.0,87
01-2015,11975.0,6149.0,87
02-2015,9526.0,5186.0,87
03-2015,10228.0,5240.0,87
04-2015,10624.0,5383.0,87
05-2015,9841.0,4744.0,87
06-2015,9912.0,5192.0,87
07-2015,11270.0,5656.0,87
08-2015,11604.0,5977.0,87
09-2015,10585.0,5276.0,87
10-2015,11697.0,5533.0,87
11-2015,12100.0,5125.0,87
12-2015,10438.0,5131.0,87
01-2016,9076.0,4431.0,87
02-2016,9345.0,4304.0,87
03-2016,9559.0,4522.0,87
04-2016,8958.0,4564.0,87
05-2016,9286.0,4353.0,87
06-2016,9901.0,4731.0,87
07-2016,10766.0,5131.0,87
08-2016,10994.0,5779.0,87
09-2016,11769.0,4872.0,87
10-2016,11408.0,4818.0,87
11-2016,11915.0,4890.0,87
12-2016,10917.0,4712.0,87
01-2014,6708.0,2728.0,88
02-2014,6057.0,2699.0,88
03-2014,7207.0,3122.0,88
04-2014,6722.0,3063.0,88
05-2014,6560.0,2838.0,88
06-2014,6005.0,2692.0,88
07-2014,7466.0,3737.0,88
08-2014,7628.0,4019.0,88
09-2014,7571.0,3223.0,88
10-2014,6807.0,2738.0,88
11-2014,6513.0,2428.0,88
12-2014,6474.0,2595.0,88
01-2015,6670.0,2866.0,88
02-2015,5268.0,2708.0,88
03-2015,5590.0,2409.0,88
04-2015,5389.0,2569.0,88
05-2015,5357.0,2354.0,88
06-2015,5637.0,2651.0,88
07-2015,6182.0,3251.0,88
08-2015,5934.0,3237.0,88
09-2015,5762.0,2539.0,88
10-2015,6485.0,2607.0,88
11-2015,6213.0,2338.0,88
12-2015,5539.0,2441.0,88
01-2016,5171.0,2086.0,88
02-2016,5310.0,2262.0,88
03-2016,5291.0,2172.0,88
04-2016,4721.0,2134.0,88
05-2016,4598.0,1983.0,88
06-2016,4660.0,2130.0,88
07-2016,5396.0,2746.0,88
08-2016,5970.0,3066.0,88
09-2016,5497.0,2349.0,88
10-2016,5628.0,2352.0,88
11-2016,6126.0,2288.0,88
12-2016,5457.0,2387.0,88
01-2014,12018.0,5182.0,89
02-2014,10629.0,4805.0,89
03-2014,11175.0,6078.0,89
04-2014,10903.0,6243.0,89
05-2014,12112.0,6210.0,89
06-2014,11305.0,5899.0,89
07-2014,14287.0,7786.0,89
08-2014,14864.0,8445.0,89
09-2014,13362.0,6593.0,89
10-2014,12319.0,5792.0,89
11-2014,11203.0,4962.0,89
12-2014,10458.0,4951.0,89
01-2015,11252.0,5281.0,89
02-2015,9432.0,4638.0,89
03-2015,9577.0,4545.0,89
04-2015,10303.0,5505.0,89
05-2015,10250.0,5441.0,89
06-2015,10871.0,5634.0,89
07-2015,12190.0,6784.0,89
08-2015,12414.0,7289.0,89
09-2015,11612.0,5539.0,89
10-2015,10808.0,5492.0,89
11-2015,10657.0,4813.0,89
12-2015,9181.0,4787.0,89
01-2016,8683.0,4155.0,89
02-2016,8966.0,4285.0,89
03-2016,9225.0,4606.0,89
04-2016,8833.0,4627.0,89
05-2016,9080.0,4771.0,89
06-2016,9309.0,5041.0,89
07-2016,10594.0,5974.0,89
08-2016,10111.0,6295.0,89
09-2016,10281.0,4945.0,89
10-2016,10463.0,4938.0,89
11-2016,10156.0,4573.0,89
12-2016,9319.0,4544.0,89
01-2014,1901.0,776.0,90
02-2014,1692.0,695.0,90
03-2014,1967.0,962.0,90
04-2014,1859.0,857.0,90
05-2014,1812.0,805.0,90
06-2014,1550.0,732.0,90
07-2014,1773.0,756.0,90
08-2014,1497.0,673.0,90
09-2014,1515.0,748.0,90
10-2014,1394.0,712.0,90
11-2014,1411.0,685.0,90
12-2014,1529.0,739.0,90
01-2015,1700.0,798.0,90
02-2015,1469.0,641.0,90
03-2015,1458.0,711.0,90
04-2015,1471.0,731.0,90
05-2015,1368.0,646.0,90
06-2015,1462.0,713.0,90
07-2015,1601.0,681.0,90
08-2015,1359.0,604.0,90
09-2015,1461.0,691.0,90
10-2015,1509.0,661.0,90
11-2015,1671.0,716.0,90
12-2015,1448.0,731.0,90
01-2016,1395.0,653.0,90
02-2016,1414.0,648.0,90
03-2016,1521.0,701.0,90
04-2016,1421.0,646.0,90
05-2016,1434.0,665.0,90
06-2016,1554.0,663.0,90
07-2016,1544.0,606.0,90
08-2016,1356.0,656.0,90
09-2016,1485.0,644.0,90
10-2016,1534.0,681.0,90
11-2016,1667.0,738.0,90
12-2016,1683.0,699.0,90
01-2014,40191.0,23032.0,91
02-2014,35177.0,19670.0,91
03-2014,40518.0,24014.0,91
04-2014,36978.0,20800.0,91
05-2014,36608.0,20325.0,91
06-2014,33845.0,18749.0,91
07-2014,30883.0,17302.0,91
08-2014,25842.0,14814.0,91
09-2014,35482.0,20124.0,91
10-2014,34802.0,19694.0,91
11-2014,32920.0,18947.0,91
12-2014,33852.0,19130.0,91
01-2015,38296.0,22649.0,91
02-2015,30889.0,18584.0,91
03-2015,32557.0,17657.0,91
04-2015,29929.0,16580.0,91
05-2015,30029.0,16348.0,91
06-2015,31923.0,17117.0,91
07-2015,26183.0,14300.0,91
08-2015,22869.0,12159.0,91
09-2015,29863.0,16682.0,91
10-2015,33390.0,17358.0,91
11-2015,34574.0,17973.0,91
12-2015,31849.0,17228.0,91
01-2016,31207.0,16070.0,91
02-2016,31308.0,15673.0,91
03-2016,29794.0,15416.0,91
04-2016,26397.0,14281.0,91
05-2016,25208.0,13457.0,91
06-2016,26590.0,14325.0,91
07-2016,23063.0,11773.0,91
08-2016,18039.0,10794.0,91
09-2016,26467.0,13469.0,91
10-2016,29335.0,14145.0,91
11-2016,31368.0,15533.0,91
12-2016,28025.0,14622.0,91
01-2014,125487.0,93255.0,92
02-2014,110284.0,81702.0,92
03-2014,131244.0,98118.0,92
04-2014,116649.0,82336.0,92
05-2014,114824.0,81061.0,92
06-2014,105565.0,76152.0,92
07-2014,93599.0,64519.0,92
08-2014,71729.0,48872.0,92
09-2014,109635.0,81566.0,92
10-2014,108912.0,82024.0,92
11-2014,105698.0,80919.0,92
12-2014,108016.0,79608.0,92
01-2015,127436.0,94909.0,92
02-2015,101591.0,75884.0,92
03-2015,112202.0,79520.0,92
04-2015,102301.0,71507.0,92
05-2015,96350.0,68453.0,92
06-2015,103793.0,72897.0,92
07-2015,78193.0,53786.0,92
08-2015,63144.0,41797.0,92
09-2015,96776.0,70121.0,92
10-2015,110323.0,73152.0,92
11-2015,116672.0,74339.0,92
12-2015,115271.0,71409.0,92
01-2016,109251.0,68660.0,92
02-2016,107062.0,66569.0,92
03-2016,103616.0,65429.0,92
04-2016,90861.0,59158.0,92
05-2016,88578.0,57371.0,92
06-2016,96160.0,61738.0,92
07-2016,75611.0,42757.0,92
08-2016,61112.0,34738.0,92
09-2016,89395.0,56213.0,92
10-2016,96749.0,59550.0,92
11-2016,108965.0,67121.0,92
12-2016,97700.0,61937.0,92
01-2014,21389.0,11629.0,93
02-2014,19119.0,10160.0,93
03-2014,23006.0,12810.0,93
04-2014,21433.0,10822.0,93
05-2014,20908.0,10329.0,93
06-2014,19779.0,10009.0,93
07-2014,17545.0,8246.0,93
08-2014,14241.0,6831.0,93
09-2014,19529.0,10432.0,93
10-2014,19660.0,10722.0,93
11-2014,18326.0,10137.0,93
12-2014,19161.0,9988.0,93
01-2015,22458.0,12075.0,93
02-2015,17474.0,9806.0,93
03-2015,19706.0,10291.0,93
04-2015,18890.0,9400.0,93
05-2015,17443.0,8791.0,93
06-2015,18856.0,9001.0,93
07-2015,17392.0,7189.0,93
08-2015,14735.0,5895.0,93
09-2015,17246.0,8454.0,93
10-2015,19556.0,8832.0,93
11-2015,20237.0,9198.0,93
12-2015,19922.0,9190.0,93
01-2016,16742.0,8341.0,93
02-2016,17472.0,8181.0,93
03-2016,17418.0,8375.0,93
04-2016,15672.0,7611.0,93
05-2016,14896.0,7167.0,93
06-2016,15973.0,7605.0,93
07-2016,15362.0,6263.0,93
08-2016,12127.0,4927.0,93
09-2016,14470.0,7043.0,93
10-2016,16309.0,7586.0,93
11-2016,17852.0,8458.0,93
12-2016,16587.0,7914.0,93
01-2014,55576.0,34717.0,94
02-2014,49461.0,30547.0,94
03-2014,56200.0,37227.0,94
04-2014,51667.0,32021.0,94
05-2014,51452.0,31806.0,94
06-2014,48523.0,29264.0,94
07-2014,45291.0,25863.0,94
08-2014,36212.0,21027.0,94
09-2014,47435.0,31055.0,94
10-2014,47539.0,30809.0,94
11-2014,45297.0,29408.0,94
12-2014,45947.0,29725.0,94
01-2015,53730.0,35677.0,94
02-2015,42671.0,27880.0,94
03-2015,46491.0,28975.0,94
04-2015,44411.0,26709.0,94
05-2015,41362.0,25432.0,94
06-2015,44002.0,26515.0,94
07-2015,39150.0,21267.0,94
08-2015,31600.0,16433.0,94
09-2015,40015.0,25417.0,94
10-2015,47317.0,26714.0,94
11-2015,50344.0,28082.0,94
12-2015,48594.0,27447.0,94
01-2016,45089.0,25177.0,94
02-2016,45230.0,24589.0,94
03-2016,44820.0,24870.0,94
04-2016,38951.0,22910.0,94
05-2016,36166.0,21989.0,94
06-2016,40161.0,24282.0,94
07-2016,34332.0,19207.0,94
08-2016,26862.0,15412.0,94
09-2016,39013.0,22369.0,94
10-2016,42059.0,23175.0,94
11-2016,45644.0,25576.0,94
12-2016,41111.0,24375.0,94
01-2014,32376.0,19490.0,95
02-2014,29250.0,17151.0,95
03-2014,35443.0,21518.0,95
04-2014,32749.0,18671.0,95
05-2014,32832.0,18472.0,95
06-2014,29715.0,17037.0,95
07-2014,29536.0,16382.0,95
08-2014,25660.0,14636.0,95
09-2014,31296.0,18090.0,95
10-2014,31489.0,18212.0,95
11-2014,28667.0,16366.0,95
12-2014,29246.0,16743.0,95
01-2015,32800.0,19900.0,95
02-2015,27382.0,15991.0,95
03-2015,28975.0,16662.0,95
04-2015,27999.0,15767.0,95
05-2015,26373.0,15259.0,95
06-2015,27925.0,15850.0,95
07-2015,24707.0,13718.0,95
08-2015,22268.0,11833.0,95
09-2015,26610.0,15031.0,95
10-2015,30344.0,16425.0,95
11-2015,31811.0,17082.0,95
12-2015,29998.0,16253.0,95
01-2016,27640.0,14515.0,95
02-2016,28627.0,14319.0,95
03-2016,28106.0,14077.0,95
04-2016,25680.0,13303.0,95
05-2016,23653.0,12989.0,95
06-2016,25181.0,13819.0,95
07-2016,22991.0,11932.0,95
08-2016,20917.0,10499.0,95
09-2016,25022.0,12525.0,95
10-2016,28056.0,13230.0,95
11-2016,29366.0,14525.0,95
12-2016,27339.0,13825.0,95
